SC,JP,EN,VN,Comment
d111.txt,,,,
自2]阿咧，不是那个家伙啊？,自2]あれ？あいつじゃ、ない？,自2]Looks like you're not her.,"自2]Ủa, không phải ả kia à?",
敌02]你是人类？,敌02]君は、人間？,敌02]Are you a human being?,敌02]Ngươi là con người?,
自3]你是有多久没见过活人了啊。,自3]どんだけ生きてる人間を見なかったのかよ。,自3]How long has it been since you last saw a living human being...?,自3]Biết bao lâu rồi ngươi chưa từng thấy người sống hả.,
敌00]人类在黑暗之中存活不了多久的喔。,敌00]闇の中じゃそんなに生きられないよ、人間は。,"敌00]Humans can't last long in the darkness, you know?",敌00]Con người đâu sống sót được bao lâu trong bóng tối đâu.,
自0]我现在只想着快点前进啦。,自0]今はさっさと進みたいだけよ。,自0]I just wanna keep going.,自0]Giờ ta chỉ có muốn đi tiếp cho mau thôi.,
MUSIC,MUSIC,MUSIC,MUSIC,
敌01]看来你还不知道发生了什么呢。,敌01]何があったか全く分からなかったようだね。,敌01]Seems like you don't really know what's going on here.,敌01]Xem ra ngươi vẫn chưa biết chuyện gì đang xảy ra nhỉ.,
自0]那就让我了解一下吧！,自0]じゃ分らせてらせてもらうわね！,自0]Then show me!,自0]Vậy hãy khiến ta hiểu rõ thử xem nào!,
PAUSE,PAUSE,PAUSE,PAUSE,
敌01]没想到这么厉害。,敌01]知らなかったよ、そんなにすごいなんて。,敌01]I didn't see this coming.,敌01]Không ngờ rằng lợi hại như vậy.,
自1]是你太弱了吧？,自1]そっちが弱すぎでは？,自1]That's because you're too weak.,自1]Do ngươi quá yếu đó chứ?,
敌00]那可不一定~,敌00]それはどうかな～,敌00]I'm not sure about that~,敌00]Chưa chắc đâu nhé~,
自1]快点走开啦。,自1]早くどいてよ。,自1]Enough. Just go away.,自1]Mau tránh ra ta đi.,
,,,,
d112.txt,,,,
自0]奇怪的家伙，从来没见过啊。,自0]変なヤツよ、見たことねえな。,自0]What a weirdo. I don't think I've seen you before.,"自0]Cái tên kỳ quặc, chưa từng thấy ngươi bao giờ.",
敌02]你是人类？,敌02]きみは、人間？,敌02]Are you a human being?,敌02]Ngươi là con người?,
自2]正是！,自2]いかにも！,自2]That's right!,自2]Đúng thế!,
敌00]那你不该来这里的喔。,敌00]来るべきじゃないよ。,敌00]Then you shouldn't be here.,敌00]Vậy thì ngươi không nên tới nơi này đâu.,
自3]诶？,自3]え？,自3]What?,自3]Ể?,
MUSIC,MUSIC,MUSIC,MUSIC,
敌00]看来你不知道什么是危机感呢。,敌00]危機感ってヤツを知らなさそうよね。,"敌00]You seem not to know how to spell ""crisis"" means...",敌00]Xem ra ngươi không biết thế nào là cảm giác nguy cơ cập kề nhỉ…,
自4]好黑啊这里，我想冲过去了！,自4]暗いなここ。突貫したい！,"自4]It's too dark here, I am going to dash through!","自4]Chỗ này tối quá à, ta muốn vọt qua rồi!",
PAUSE,PAUSE,PAUSE,PAUSE,
敌01]没想到这么厉害。,敌01]知らなかったよ、そんなに強いなんて。,敌01]I didn't see this coming.,敌01]Không ngờ rằng lợi hại như vậy.,
自2]嘿嘿，不费吹灰之力。,自2]ふふ、余裕余裕。,"自2]Aha, piece of cake.","自2]Khà khà, không tốn mảy may sức lực.",
敌00]你是来被奇怪的气息吸引来的吗？,敌00]変な気配に惹きつけられたの？,敌00]Were you drawn to this place by the strange scent?,敌00]Ngươi thì có bị cái hơi khí kỳ lạ hấp dẫn mà đến đây không?,
自4]我是来调查异变的喔。,自4]異変を調査しに来たのよ。,自4]I'm here to investigate the incident.,自4]Ta đến điều tra dị biến mà.,
敌00]据我观察，远处那座洋馆很可疑喔。,敌00]あたしの観察によると、あの遠くにある洋館は怪しいよ。,"敌00]According to my observation, that mansion seems very suspicious.","敌00]Theo ta quan sát, thì tòa dương quán đằng xa kia rất khả nghi đó.",
自0]那里吗？太熟悉了！,自0]あそこか？お馴染みだぜ！,自0]That place? I know it too well.,自0]Nơi đó sao? Quen thuộc quá rồi!,
,,,,
d113.txt,,,,
自3]看来来者不善呢。,自3]「来者善からず」、か。,"自3]Hmm, seems like you're not here to greet me.",自3]Xem ra 'kẻ đến' bất thiện nhỉ.,
敌02]你是人类？,敌02]きみは、人間？,敌02]Are you a human being?,敌02]Ngươi là con người?,
自0]没错喔。,自0]そうですよ。,自0]Bingo.,自0]Chẳng sai đâu.,
敌00]能来这里的人类都不简单呢。,敌00]ここに来れた人間はみんな普通じゃないね。,敌00]It's no small feat for a human to make it here.,敌00]Con người mà có thể đến nơi này thì cũng không phải dạng vừa nhỉ.,
MUSIC,MUSIC,MUSIC,MUSIC,
自1]总之是把你打得心服口服的程度喔。,自1]とにかくお前が心から服従するほどボコボコしてやるわよ。,"自1]And you will be defeated by this human, overwhelmingly.",自1]Ngắn gọn là ở dạng trình độ đánh ngươi đến nỗi tâm phục khẩu phục đó.,
敌03]真的吗？想领教一下呢。,敌03]ほんと？お手並み拝見したいものね。,敌03]Is that so? Do show me.,敌03]Là thật sao? Ta muốn lĩnh giáo xem thử đấy.,
PAUSE,PAUSE,PAUSE,PAUSE,
敌01]没想到这么厉害。,敌01]知らなかったよ、そんなに強いなんて。,敌01]I didn't see that coming.,敌01]Không ngờ rằng lợi hại như vậy.,
自3]抱歉，我可是拥有神的力量呢。,自3]ごめんね、神の力を持ってるんで。,"自3]My apology, I possess the power of god.","自3]Thứ lỗi, nhưng ta nắm giữ sức mạnh của thần cơ.",
敌00]我不想和你过多纠缠呢，先走一步咯。,敌00]きみとはごたごたしたくないよ。お先に。,"敌00]Well, this is pointless. I'd better go now.","敌00]Ta không muốn dây dưa quá nhiều với ngươi, xin phép đi trước vậy.",
自1]想要逃跑吗？,自1]逃げるの？,"自1]Oh, now you wanna scoot off?",自1]Định chạy trốn sao?,
,,,,
d114.txt,,,,
自1]咳咳……外面的空气最近这么浑浊吗……,自1]ゴホゴホ…最近外の空気はこんなに濁っているの…,自1]Cough... The air outside is too turbid...,自1]Khụ khụ… Không khí bên ngoài gần đây vẩn đục vậy sao…,
敌03]你好像很厉害啊。,敌03]きみ、すごそうだな。,敌03]You seem pretty strong.,敌03]Có vẻ là ngươi rất lợi hại đó.,
自0]如果我没有猜错的话，你应该是受了这里的影响吧。,自0]推測が間違いなければ、貴女はここの影響を受けたはずね。,"自0]If I'm right, this place has some kind of effect on you.","自0]Nếu mà ta không đoán sai, ngươi hẳn là đã chịu ảnh hưởng của nơi này.",
敌00]因为有什么东西在吸引着我到这里来呢。,敌00]何かが惹きつけてるからよ。,敌00]Something is luring me here.,敌00]Bởi vì có một cái gì đó đang có hấp dẫn ta đến nơi này đó.,
自0]不过你身上似乎在散发着奇怪的气息……,自0]でも貴女の身から何か変な気配が…,自0]But you're giving off that strange scent...,自0]Nhưng mà trên người ngươi hình như đang có tỏa ra hơi khí kỳ lạ…,
MUSIC,MUSIC,MUSIC,MUSIC,
自0]看来有必要帮你清除一下呢。,自0]クリアしてあげる必要があるよね。,自0]Looks like I'll take care of you...,自0]Xem ra cần phải giúp ngươi thanh trừ một lát vậy.,
敌00]要动手吗？正好，让我领教下你的魔法吧！,敌00]やるの？丁度いい、その魔法を見せてね！,"敌00]Wanna fight? It's about time! Show me your magic, then!","敌00]Muốn động thủ sao? Vừa đẹp, cho ta lĩnh giáo ma pháp của ngươi đi!",
PAUSE,PAUSE,PAUSE,PAUSE,
敌01]果然很厉害啊。,敌01]やはりすごいな。,"敌01]You are pretty strong, as I expected.",敌01]Quả nhiên rất lợi hại đấy.,
自0]这仅仅是我的冰山一角而已。,自0]氷山の一角だけよ。,自0]There's a lot you don't know about me.,自0]Đây chỉ mới là bề nổi của tảng băng mà thôi.,
敌00]可惜我的目标不是你，而是前面的洋馆哦。,敌00]残念、こっちの目的はきみではなく、先の洋館だけどね。,"敌00]Too bad it is not you that I'm after, but the mansion there.","敌00]Đáng tiếc mục tiêu của ta không phải ngươi, mà là dương quán đằng trước cơ.",
,,,,
d211.txt,,,,
敌11]有情况！,敌11]異常あり！,敌11]Something isn't right here!,敌11]Có biến!,
自3]喂，你这家伙……,自3]こら！こいつ…,自3]Hey! You!,自3]Ê! Nhà ngươi…,
敌13]哼，这次不会让你走的喔！,敌13]ふん！今度は逃がさないよ！,敌13]I won't let you slip off this time!,"敌13]Hừm, lần này sẽ không để ngươi chạy mất đâu!",
自2]我现在没空陪你玩喔。,自2]遊んでやる暇はないよ。,自2]I don't have that kind of time right now.,自2]Giờ ta không rảnh chơi cùng ngươi đâu.,
MUSIC,MUSIC,MUSIC,MUSIC,
敌13]那就让我把你冻起来好了！,敌13]じゃあ、凍り付けてやる！,敌13]Then I'll have to freeze you!,敌13]Vậy cứ để ta làm đông ngươi lại là được thôi!,
PAUSE,PAUSE,PAUSE,PAUSE,
,,,,
d212.txt,,,,
自0]唔，突然变得好冷……,自0]う、急にさむぅ…,自0]It's freezing here...,"自0]Hừ, đột nhiên trở nên lạnh quá…",
敌11]敌人来了！,敌11]敵あり！,敌11]Incoming!,敌11]Kẻ địch đến rồi!,
自1]喂，一上来就开打么！,自1]おい！いきなり撃つかよ！,自1]Hey! Don't you think that was a little too quick?,"自1]Này, vừa lên là liền đấu luôn sao?!",
敌13]当然，身为妖精要想统领这里就要有随时准备战斗的意识！,敌13]もちのろん！妖精がここを統べたいなら、いつでも戦えるイシキがなきゃ！,"敌13]Of course! As a fairy who rules the lake, you gotta be born ready!",敌13]Đương nhiên! Thân là yêu tinh nếu muốn thống lĩnh nơi này thì phải có ý thức sẵn sàng chiến đấu mọi lúc!,
MUSIC,MUSIC,MUSIC,MUSIC,
自1]口气还是这么大呢。,自1]相変わらず生意気ね。,自1]You haven't changed a bit.,自1]Khẩu khí vẫn lớn như vậy nhỉ.,
敌13]我会把你像青蛙一样冻成大冰块的喔。,敌13]カエルのようにでかい氷にしてやんよ。,敌13]I'll freeze you into a big ice cube like a frosty frog!,敌13]Ta sẽ đông ngươi thành khối băng lớn giống như một con ếch đó.,
自2]好吧，那就尽管来咯。,自2]よし、かかってこい。,"自2]Well, you can try.","自2]Được đó, vậy thì cứ việc nhào lên.",
PAUSE,PAUSE,PAUSE,PAUSE,
,,,,
d213.txt,,,,
敌11]有情况！,敌11]異常あり！,敌11]Something isn't right here!,敌11]Có biến!,
自0]这里异常的天气变化，应该就是你制造的吧。,自0]ここの異常気象、貴方のせいですね。,自0]Seems like you're the reason behind the abnormal weather here.,"自0]Nơi này thời tiết biến hóa một cách dị thường, hẳn chính là do ngươi tạo ra.",
敌12]哼，我可是妖精的领袖，这里就是我的地盘！,敌12]ふんだ！あたいは妖精のリーダー、ここはあたいのナワバリよ！,敌12]I'm the leader of the fairies! This is my place!,"敌12]Hừm, ta í là lãnh tụ của yêu tinh, nơi này chính là địa bàn của ta!",
自3]不过我觉得你打不过我的喔。,自3]貴方では勝てないと思うけど。,自3]I don't think you can defeat me.,自3]Nhưng mà ta cảm thấy ngươi đánh không lại ta đâu.,
MUSIC,MUSIC,MUSIC,MUSIC,
敌13]总之先把你打败再说！,敌13]とりあえずあんたを倒してから！,"敌13]Anyway, I'll destroy you!","敌13]Trước hết, đánh bại ngươi cái đã rồi nói sau!",
自2]真是自不量力呢……,自2]身の程知らずね…,自2]You are in way over your head...,自2]Thật là không biết lượng sức mình nhỉ…,
PAUSE,PAUSE,PAUSE,PAUSE,
,,,,
d214.txt,,,,
自0]看来是使用冰魔法的妖精？,自0]氷の魔法を操る妖精のようだ？,自0]An ice fairy?,自0]Xem ra là một yêu tinh sử dụng 'băng ma pháp'?,
敌12]我不会让你回到陆地上的说！,敌12]陸上には帰さないよ！,敌12]I won't let you get back to the land!,敌12]Ta sẽ không để ngươi trở về trên đất liền đâu đó!,
自0]似乎能力不像想得那么弱啊，雾之湖被整个封冻住了。,自0]思ったほど弱くないね、霧の湖を丸ごと凍り付いたなんて。,"自0]Well, you're not as feeble as I thought. The whole lake is frozen.","自0]Hình như năng lực không đến nỗi yếu như ta tưởng, hồ sương mù bị đóng băng cả lại rồi.",
敌13]嘿嘿，因为我是最强的啊！,敌13]エッヘン！あたい最強！,敌13]Haha! Because I'm the strongest!,"敌13]Khà khà, bởi vì ta là mạnh nhất á!",
MUSIC,MUSIC,MUSIC,MUSIC,
自0]看来这种反常的现象和异变有关……,自0]どうやらこの異常現象は異変と繋がりがありそう…,自0]Maybe the abnormality is related to the incident...,自0]Xem ra hiện tượng khác thường kiểu này có liên quan đến dị biến…,
敌12]喂！！！不要无视我啊！！！,敌12]こらぁ！！！無視すんな！！！,敌12]Hey!!! I'm talking to you!,敌12]Ê!!! Không đếm xỉa gì ta à!!!,
自0]那就顺便帮你活动活动好了。,自0]ではついでに、少々運動させよう。,"自0]Meanwhile, I think I could help you with your daily exercise.",自0]Vậy thì nhân tiện giúp ngươi vận động đôi chút là được thôi.,
PAUSE,PAUSE,PAUSE,PAUSE,
,,,,
d301.txt,,,,
PAUSE,PAUSE,PAUSE,PAUSE,
敌]可恶，又要被骂了……,敌]可恶，又要被骂了……,敌]可恶，又要被骂了……,"敌]Đáng ghét, lại phải bị mắng rồi…",Unused
,,,,
d302.txt,,,,
PAUSE,PAUSE,PAUSE,PAUSE,
自]全速前进！,自]全速前进！,自]全速前进！,自]Toàn tốc tiến lên!,Unused
敌]可恶，又要被骂了……,敌]可恶，又要被骂了……,敌]可恶，又要被骂了……,"敌]Đáng ghét, lại phải bị mắng rồi…",Unused
,,,,
d303.txt,,,,
PAUSE,PAUSE,PAUSE,PAUSE,
自]没想到看门的妖怪也有两手喔。,自]没想到看门的妖怪也有两手喔。,自]没想到看门的妖怪也有两手喔。,自]Không ngờ rằng 'yêu quái coi cửa' cũng có ngón nghề phết.,Unused
敌]待会儿让你见识一下什么叫真正的背水阵！,敌]待会儿让你见识一下什么叫真正的背水阵！,敌]待会儿让你见识一下什么叫真正的背水阵！,敌]Chờ lát nữa cho ngươi mở mang một chút về cái gọi là 'bối thủy trận' chân chính!,Unused
,,,,
d304.txt,,,,
PAUSE,PAUSE,PAUSE,PAUSE,
敌]帕秋莉大人！,敌]帕秋莉大人！,敌]帕秋莉大人！,敌]Ngài Patchouli!,Unused
自]看来有必要怀疑图书馆的安危了呢……,自]看来有必要怀疑图书馆的安危了呢……,自]看来有必要怀疑图书馆的安危了呢……,自]Xem ra cần phải nghi ngờ sự an nguy của thư viện nhỉ…,Unused
,,,,
d311.txt,,,,
敌20]说什么都不能让你进去了！,敌20]何と言っても入らせないよ！,敌20]I'm not going to let you in no matter what!,敌20]Nói gì đi nữa thì cũng không thể để ngươi tiến vào được!,
自0]门番要有点自觉喔。,自0]門番は自覚を持つ方がいいよ。,自0]You should be a good gatekeeper and welcome me in.,自0]Gác cổng thì phải có chút tự giác chứ.,
敌21]诶？？？,敌21]え？？？,敌21]What???,敌21]Hể???,
自0]既然知道我会擅自进去还是很热情的接待吗？,自0]勝手に入ると知っても親切に接待してくれるよね？,"自0]Knowing that I'll get in no matter what, you still want to greet me that way? ",自0]Đã biết ta sẽ tự tiện đi vào nhưng vẫn rất niềm nở mà tiếp đãi sao?,
敌24]这次真的不行……,敌24]今度は本当にダメなんだよ…,敌24]That's not going to happen this time...,敌24]Lần này thật sự là không thể được…,
MUSIC,MUSIC,MUSIC,MUSIC,
自1]嘛，在夜色下打斗肯定更有味道吧。,自1]まあ、夜色の戦いはきっともっと味があるわよね。,"自1]Hmm, it is indeed more romantic to fight under the starry sky I suppose.","自1]Chà, chiến đấu dưới màn đêm thì chắc hẳn càng thêm lý thú đó.",
敌22]果然免不了打一场么！,敌22]やはり戦うかよ！,"敌22]Ugh, give me a break...!",敌22]Quả nhiên không tránh khỏi phải đánh một trận sao!,
PAUSE,PAUSE,PAUSE,PAUSE,
,,,,
d312.txt,,,,
自2]又见面了DA☆ZE!,自2]また会った☆ZE！,"自2]Hi, nice seeing you again DA ZE!",自2]Lại gặp mặt rồi ĐA☆ZỀ!,
敌20]这次绝对不让你溜进去！,敌20]今回は絶対に忍び込ませない！,敌20]You are not going to sneak in this time!,敌20]Lần này tuyệt đối không để cho ngươi lẻn vào!,
自3]诶？我有溜进去过吗？,自3]え？忍び込んだことあった？,自3]Have I ever snuck in?,自3]Ể? Ta có từng lẻn vào sao?,
敌21]居然不承认吗！,敌21]認めないのかよ！,敌21]You won't even admit it?!,敌21]Lại còn không thừa nhận à!,
自1]果然是个碍手碍脚的门番呢。,自1]やっぱ邪魔な門番だな。,"自1]You are really getting in my way, you know that?",自1]Quả nhiên là một gác cổng làm vướng tay vướng chân nhỉ.,
敌20]总之别想进去一步喔。,敌20]とにかく一歩も入らせないよ。,敌20]I'm not letting you go any farther.,敌20]Tóm lại chớ mong tiến vào một bước.,
MUSIC,MUSIC,MUSIC,MUSIC,
自4]那就试试看吧！,自4]じゃあやってみろぜ！,自4]Try me!,自4]Vậy thì thử tí xem nào!,
PAUSE,PAUSE,PAUSE,PAUSE,
,,,,
d313.txt,,,,
自0]看来这里就是洋馆门口了呢。,自0]ここは洋館の入り口のようね。,自0]Seems like this is the gate of the mansion.,自0]Xem ra nơi này chính là cổng vào dương quán rồi nhỉ.,
敌23]你是谁啊？,敌23]あんた誰だよ？,敌23]Who are you?,敌23]Ngươi là ai hả?,
自0]代表守矢神社的巫女喔。,自0]守矢の神社を代表する巫女ですよ。,自0]I am the miko of Moriya Shrine.,自0]Ta là Vu nữ đại diện của Thủ Thỉ Thần Xã đây.,
敌21]又是巫女？,敌21]また巫女かよ？,敌21]Miko again?,敌21]Lại là vu nữ nữa?,
自2]诶？之前你还见过其他的巫女么？,自2]え？この前は他の巫女も見たか？,自2]Another miko was here?,自2]Hể? Trước đây ngươi còn từng thấy vu nữ khác sao?,
敌22]不仅见过而且出手过喔。,敌22]見たどころか、戦ったこともあったよ。,"敌22]Not only was she here, we also fought for a while.",敌22]Không những từng thấy mà còn từng đấu nhau nữa đó.,
自0]总之我要进去调查一下啦。,自0]とにかく中を調べさせてもらいます。,自0]I just want to go in and investigate the incident.,自0]Nói chung ta muốn tiến vào điều tra một lát thôi.,
敌24]抱歉，不允许你进去喔。,敌24]わりい、入ることは許せないよ。,"敌24]Sorry, you're not allowed to enter.","敌24]Thứ lỗi, ta không cho phép ngươi tiến vào đâu.",
自2]巫女自有巫女的办法，毕竟你也是妖怪呢。,自2]巫女には巫女なりのやり方。結局妖怪だし。,"自2]We miko have our own ways, you are after all, just a Youkai.","自2]Vu nữ tự có biện pháp của vu nữ, dẫu sao ngươi cũng là yêu quái thôi.",
MUSIC,MUSIC,MUSIC,MUSIC,
敌25]妖怪不是好惹的喔？,敌25]妖怪は容易くやられないよ？,敌25]It's not that smart to mess with a Youkai.,敌25]Yêu quái không phải dễ chọc đâu.,
自1]好惹的话就没有退治的必要了！,自1]容易いなら退治の必要もないからね！,"自1]If that were true, I wouldn't be here to exterminate you!",自1]Nếu mà dễ chọc thì đã chẳng cần thiết phải thoái trị rồi!,
PAUSE,PAUSE,PAUSE,PAUSE,
,,,,
d314.txt,,,,
敌25]帕秋莉大人，您能出来实在是罕见呀。,敌25]パチュリーさま、珍しく出ておられますね。,敌25]Master Patchouli! It's rare to see you out.,"敌25]Ngài Patchouli, ngài có thể ra đây quả thực là hiếm thấy đó.",
自2]因为某个家伙把我珍贵的书给偷走了呢。,自2]誰かが貴重な本を盗んだからね。,自2]I'm here because someone stole my precious books.,自2]Bởi vì cái tên nào đó trộm mất sách trân quý của ta đi rồi.,
敌20]啊……（好像我又睡过了）,敌20]あ…（なんかわたしまた寝坊しちゃった）,敌20]Ah... (I overslept again),敌20]A… (Dường như mình lại ngủ quên nữa mất rồi),
敌24]话说，身体不要紧吗？,敌24]あの、体の方は大丈夫ですか？,敌24]You feel better now?,"敌24]À, thân thể ngài không sao chứ ạ?",
自1]虽然过滤了空气，但还是很不适应……,自1]空気を濾過したとは言え、未だ慣れない…,"自1]The air has been filtered by the magic, I'm still getting used to it.","自1]Mặc dù đã làm phép lọc không khí, nhưng ta vẫn thấy không thích ứng.",
自0]话说你的身上也沾上了奇怪的气息……,自0]そもそも貴女の身にも変な気配が…,自0]But you have that same strange scent on you...,自0]Chuyện là trên người của ngươi cũng đã dính phải hơi khí kỳ lạ…,
敌23]诶？？？,敌23]え？？？,敌23]What???,敌23]Hể???,
MUSIC,MUSIC,MUSIC,MUSIC,
自0]关键是，如果不清除掉的话……,自0]肝心なのは、クリアしなければ…,自0]It has to be eliminated...,"自0]Mấu chốt là, nếu như mà không thanh trừ đi…",
敌21]什么情况？！,敌21]どゆこと？,敌21]What is going on?!,敌21]Thế này là thế nào?!,
自0]总之我来帮你吧。,自0]とにかく、助けてあげよう。,自0]I'll help you with it.,自0]Dù gì thì ta cũng sẽ giúp ngươi đây.,
PAUSE,PAUSE,PAUSE,PAUSE,
,,,,
d411.txt,,,,
自2]咦，那个书呆子呢？,自2]あれ？あの本の虫は？,自2]Hmm? Where's that bookworm?,自2]Ơ? Con mọt sách kia đâu?,
敌34]啊啦啊啦，好像在哪里见过你诶，不过这么隐秘的地方居然如此自然地找到了……,敌34]あらあら、どこかでお会いした顔ですね。でもよくこんな秘密の場所を自然に見つけましたね…,"敌34]Ah, you seem familiar. But how did you find this hidden place so easily...","敌34]Ái chà ái chà, dường như từng gặp ngươi ở nơi nào ấy, nhưng chốn kín đáo vầy mà ngươi lại tự nhiên mà tìm ra thế này rồi…",
自1]你也就只能呆在这阴暗潮湿的地方吧。,自1]あんたはこんなに陰湿な場所にしかいられないだろう。,自1]Ever cross your mind that maybe this dark and damp place is the only you deserve?,自1]Ngươi cũng chỉ có thể ở tại cái chốn tối tăm ẩm ướt này thôi.,
敌30]原来如此，是不识抬举的家伙呢。,敌30]なるほど、善意の分からないやつですね。,敌30]I see... How ungrateful you are.,"敌30]Thì ra là thế, đúng là kẻ không biết điều nhỉ.",
敌30]主人难得不在就被奇怪的人入侵了，这难道又是……,敌30]珍しく主が外出した間に、変な人に侵入されて、もしかしてこれはまた…,敌30]Master's rare absence and this weird intruder... Is this another...,"敌30]Chủ nhân hiếm khi vắng nhà là bị kẻ kỳ lạ xâm nhập ngay rồi, đây chẳng lẽ lại là…",
敌33]异变？,敌33]異変？,敌33]Incident?,敌33]Dị biến?,
自0]就是异变喔。,自0]異変だよ。,自0]That's right.,自0]Chính là dị biến.,
敌32]难怪主人最近一直神神秘秘的……,敌32]道理で最近の主はずっとこそこそと…,敌32]No wonder the master has been sneaking around lately.,敌32]Chẳng trách chủ nhân gần đây vẻ thần thần bí bí suốt…,
自1]那家伙就那样吧。,自1]いつものあいつだろう。,自1]That's just her being herself.,自1]Cô ta lúc nào chả thế.,
敌30]是嘛……,敌30]そうですか…,敌30]Is that so...,敌30]Dzậy hở…,
敌34]这里的藏书光重量就能把你压成碎末，何况里面蕴藏的能量……,敌34]ここにある蔵書は重量だけでもあなたを押し潰せます、その上エネルギーも内蔵していて…,"敌34]The weight of the books could easily crush you, let alone the energy inside the books...","敌34]Riêng trọng lượng của tàng thư nơi này là đủ ép nát ngươi được, huống chi bên trong có năng lượng chất chứa…",
敌34]而且……我是被主人选中的在她离开后守卫这里的特殊的恶魔呢……,敌34]それに…わたしは主に選べられた、留守の間にここを守る特別な悪魔…,敌34]And... I'm the special devil the master picked out to look after this place after she left.,"敌34]Hơn nữa… Ta là ác ma đặc biệt, kẻ được chủ nhân chọn lựa để bảo vệ nơi này sau khi ngài rời đi…",
MUSIC,MUSIC,MUSIC,MUSIC,
敌34]总之……,敌34]とにかく…,敌34]Anyway...,敌34]Tóm lại…,
敌33]擅自闯入大图书馆，绝对不能放过！,敌33]勝手に大図書館を侵入したものを、絶対に逃がしません！,敌33]Anyone who breaks into the great library shall be punished!,"敌33]Ai mà tự tiện xông vào đại thư viện, thì ta tuyệt đối không thể buông tha!",
自0]那就试试你能不能阻止我吧。,自0]なら、止められるかを、試してみるわ。,自0]Then try to stop me.,自0]Vậy thì thử coi ngươi có thể ngăn cản ta hay không đi.,
PAUSE,PAUSE,PAUSE,PAUSE,
,,,,
d412.txt,,,,
敌32]阿咧，好像……,敌32]あら、もしかして…,敌32]Hmm? Is that...?,"敌32]Ủa, hình như…",
自2]呀，被发现了？,自2]あ、バレちゃった？,"自2]Oops, you found me?","自2]Úi, bị phát hiện mất rồi?",
敌34]你就是那个被帕秋莉大人特别嘱咐一级戒备的家伙吧。,敌34]あなたはパチュリーさまが第一級警戒と言いつけました「あの野郎」ですね。,敌34]Are you the one that Master Patchouli's been telling us to keep an eye on?,敌34]Ngươi chính là cái tên bị Ngài Patchouli đặc biệt dặn bảo phải phòng bị hàng đầu mà nhỉ.,
自1]我的形象那么恶劣么……,自1]そんなに悪いイメージかよ…,自1]Is that really what she thinks of me...?,自1]Hình tượng ta tồi tệ như vậy sao…,
敌34]不过看起来主人对你有着特别的关注呢。,敌34]でも主はわざわざ目を向けていますね。,敌34]The master seems to have taken a liking to you.,敌34]Nhưng mà có vẻ chủ nhân có một sự để ý đặc biệt đối với ngươi thì phải.,
自3]诶？,自3]え？,自3]What?,自3]Ể?,
敌30]不过呢……,敌30]でもね…,敌30]But...,敌30]Nhưng mà nè…,
敌33]擅自闯入大图书馆，不能被放过！,敌33]勝手に大図書館に侵入するなんて、見逃せません！,敌33]Anybody who breaks into the great library must be punished!,"敌33]Ai mà tự tiện xông vào đại thư viện, thì ta không thể buông tha cho được!",
敌30]而且我受帕秋莉大人委托暂时掌管这座图书馆，所以……,敌30]それにパチュリーさまに暫くこの図書館を任せられますから…,"敌30]And Master Patchouli bestowed upon me the responsibility of guarding the great library in her absence, so...","敌30]Hơn nữa ta được Ngài Patchouli ủy thác tạm thời trông nom tòa thư viện này, cho nên…",
MUSIC,MUSIC,MUSIC,MUSIC,
敌33]分分钟拿书砸你喔！,敌33]今すぐ本で叩き潰しますよ！,敌33]I'll smash you with these books!,敌33]Ngay giờ ta sẽ cầm sách đập ngươi!,
自2]哇哦，看起来好刺激。,自2]わあ、刺激そう。,自2]Wow! How exciting!,"自2]Wooaa, có vẻ rất là kích thích.",
自4]总之，不要大意地进攻吧，正想好好锻炼一下DA☆ZE!,自4]要するに、油断せずに攻めろか。ちょうど鍛えてえところDA☆ZE！,"自4]Well, stop talking and just do it. I could use some exercise right now, DA ZE!","自4]Tóm lại, chớ nên lơ là mà tấn công đi, ta đang muốn rèn luyện ngon nghẻ một chút ĐA☆ZỀ!",
敌34]那肯定不会让你失望的！,敌34]ならば絶対に失望させませんよ！,敌34]Then I won't let you down!,敌34]Vậy chắc chắn sẽ không để cho ngươi thất vọng!,
PAUSE,PAUSE,PAUSE,PAUSE,
,,,,
d413.txt,,,,
自2]什么啊，这么潮湿阴暗的地方，就算再开朗的家伙也会变成宅啊。,自2]なによここ、こんなに陰湿で、いくら明るい人でも引き籠りになるわよ。,自2]What the heck? Even the most cheerful and outgoing person could turn into a Hikkikomori staying in such a dark and damp place.,"自2]Cái gì đây? Chốn ẩm thấp âm u như vầy, cho dù là người cởi mở thì cũng sẽ trở thành 'trạch' mất.",
敌34]不好意思，你已经达成擅自闯入大图书馆的罪名了呢。。,敌34]申し訳ございません、あなたは「勝手に大図書館を侵入罪」を犯しました。,敌34]I'm sorry. You've been charged with breaking into the great library.,"敌34]Thành thực xin lỗi, ngươi đã cấu thành tội danh tự tiện xông vào đại thư viện rồi đó.",
自2]这里本来就不是我想去的地方啊。,自2]元より行きたいところではありませんよ。,自2]This isn't even where I wanted to go in the first place.,自2]Nơi này đáng lẽ không phải cái chốn mà ta muốn tới.,
敌34]总之你已经来到这里，就准备接受惩罚吧！,敌34]とにかく来ましたから、罰を受けましょう。,"敌34]But you're already here, aren't you? Prepare to take your punishment!","敌34]Dù gì thì ngươi cũng đã tới nơi này, hãy chuẩn bị tiếp nhận sự trừng phạt đi nào!",
自0]那么你就是这里的管理员咯？,自0]では貴方はここの管理人さんですね？,"自0]So, you're the librarian here?",自0]Vậy ra ngươi chính là quản lý viên của nơi này nhể?,
敌34]我是被主人委派的暂时掌管这里的恶魔呢。,敌34]主に任せられて、しばらくここを管理する悪魔です。,敌34]I am the devil assigned by the master to take care of the library temporarily. ,敌34]Ta là ác ma kẻ được chủ nhân cắt cử để tạm thời trông nom nơi này đó.,
自3]恶魔？那就是妖怪吧！,自3]悪魔？妖怪の類ね！,"自3]Devil? A Youkai, then!",自3]Ác ma? Vậy chính là yêu quái nhỉ!,
敌34]和一般的妖怪差很多呢。,敌34]普通の妖怪とは大分違いますよ。,敌34]There's a big difference between a devil and a regular Youkai.,敌34]Khác rất nhiều với yêu quái thông thường đấy.,
自1]不管怎么样，这里充满着邪恶的气息……,自1]何と言っても、邪なる気配がここに満ち溢れて…,"自1]Anyhow, I smell evil here...","自1]Dù nói thế nào, nơi này cũng đầy tràn hơi khí tà ác…",
自0]看来外面的异变一定是和你们有关咯。,自0]外の異変は貴方たちと関係があるに違いないね。,自0]You guys must have something to do with the incident.,自0]Xem ra dị biến bên ngoài nhất định là có liên quan với các ngươi nhể.,
敌34]外面的世界就算主人也懒得搭理，我更不可能插手喔。,敌34]主ですら外の世界とやり取る気がありませんし、わたしに至ってはもっと何かをするはずがありません。,"敌34]My master would never care for the outside world, and neither would I.","敌34]Thế giới bên ngoài cho dù chủ nhân thì cũng chả thèm mắc mớ, ta càng không thể nào nhúng tay.",
自0]那么请你让我过去，不然空手回去我可不愿意哦。,自0]では通らせてください。手ぶらで帰るなんてしたくないわ。,"自0]Then just let me in, I'm not going to head back empty-handed. ","自0]Như vậy thì xin ngươi để ta đi qua với, nếu không, tay trắng trở về ta thực là không bằng lòng.",
MUSIC,MUSIC,MUSIC,MUSIC,
敌33]随便进来就想随便出去，没那么容易喔。,敌33]勝手に侵入して勝手に出る程、容易くありませんよ。,敌33]Don't think you can just come and go as you please.,"敌33]Tùy tiện vào đây rồi liền muốn tùy tiện đi ra, chẳng dễ dàng như vậy đâu.",
自2]看来又是一个麻烦的家伙啊……,自2]また面倒くさいやつね…,"自2]Oh, more trouble...",自2]Xem ra lại là một tên phiền phức đây…,
PAUSE,PAUSE,PAUSE,PAUSE,
,,,,
d414.txt,,,,
自1]我离开没多长时间这里就一团糟了呢。,自1]暫く居ない間に滅茶苦茶になったね。,自1]I only left for a couple hours and look at this place. ,自1]Ta rời đi trong thời gian không bao lâu mà nơi này liền rối beng rồi nhỉ.,
敌31]帕秋莉大人，总算回来了呢……,敌31]パチュリーさま、ようやくお戻りになられました…,敌31]Master Patchouli! Finally...,"敌31]Ngài Patchouli, cuối cùng ngài cũng trở về rồi…",
自0]怎么，你也沾上那股奇怪的气息了。,自0]どうした、貴女にもあの変な気配が付いている。,自0]Hmm? You're also covered in that strange scent.,自0]Làm sao.. ngươi cũng dính phải làn hơi khí kỳ lạ kia rồi.,
敌32]诶？为什么？,敌32]え？どうしてですか？,敌32]What? Why?,敌32]Hể? Là sao?,
自0]我用魔法过滤了外界的空气，发现了一些不明的成分……,自0]魔法で外の空気を濾過する内、不明な成分を発見した…,自0]I filtered the air outside with magic and found something strange...,"自0]Trong khi dùng ma pháp để lọc không khí bên ngoài, ta đã phát hiện một vài thành phần bất minh…",
自0]这些成分在妖怪身上集聚，似乎会让妖怪的能力暂时变强许多……,自0]こういった成分が妖怪の身に集い、どうやら一時的に妖怪の能力を多く強化できる…,"自0]By clinging onto the Youkai, these things make them stronger temporarily...","自0]Những thành phần này tích tụ trên người yêu quái, hình như sẽ khiến năng lực của yêu quái tạm thời biến cường rất nhiều…",
自0]但显然不是好东西呢。,自0]でも明らかに良い物ではないね。,自0]But clearly it's nothing good.,自0]Nhưng hiển nhiên không phải điều tốt đâu.,
敌32]诶？这样的话要怎么办？,敌32]え？どうすればいいんですか？,敌32]Then what should I do about it?,敌32]Hể? Nếu mà như vậy thì phải làm sao?,
MUSIC,MUSIC,MUSIC,MUSIC,
自0]只要和我战斗就好了。,自0]私と戦えばいい。,自0]Just fight.,自0]Chỉ cần chiến đấu với ta là được thôi.,
敌30]战斗？,敌30]戦い？,敌30]Fight?,敌30]Chiến đấu?,
自0]我可以把你身上的气息清除掉。,自0]貴方に集う気配をクリアすることは可能だ。,自0]I can help you get rid of that strange scent.,自0]Ta có thể thanh trừ hết hơi khí trên người ngươi.,
自0]因为如果让它集聚得太多的话，说不定就会暴走。,自0]溜まりすぎると、暴走するかも知れないから,自0]You'll lose yourself if you let it build up.,"自0]Bởi vì nếu mà để nó ứ đọng quá nhiều, nói không chừng thì ngươi sẽ bị cuồng loạn.",
敌30]诶？！那我要怎样战斗呢？,敌30]え？！どうやって戦えばいいんですか？,敌30]What?! But how do I deal with it?,敌30]Hể?! Vậy tôi phải chiến đấu như thế nào chứ?,
自0]努力使用我教你的魔法吧。,自0]頑張って私が教わった魔法を使うがいい。,自0]Try to use the magic I taught you.,自0]Hãy cố gắng sử dụng ma pháp mà ta dạy ngươi đi.,
敌32]这样真的可以吗……,敌32]本当によろしいんですか…,敌32]I'm not sure...,敌32]Như vậy có thực là ổn không đây…,
PAUSE,PAUSE,PAUSE,PAUSE,
,,,,
d501.txt,,,,
敌33]绝对……,敌33]絶対…,敌33]Never...,敌33]Tuyệt đối…,
敌33]绝对……不能……,敌33]絶対に…,敌33]Never... Never...,敌33]Tuyệt đối… không thể…,
敌33]绝对不能放过你！,敌33]絶対に逃がさない！,敌33]I will never let you go unpunished!,敌33]Tuyệt đối không thể buông tha!,
,,,,
d502.txt,,,,
敌33]绝对……,敌33]絶対…,敌33]Never...,敌33]Tuyệt đối…,
敌33]绝对……不能……,敌33]絶対に…,敌33]Never... Never...,敌33]Tuyệt đối… không thể…,
敌33]绝对不能放过你！,敌33]絶対に逃がさない！,敌33]I will never let you go unpunished!,敌33]Tuyệt đối không thể buông tha!,
,,,,
d503.txt,,,,
敌33]绝对……,敌33]絶対…,敌33]Never...,敌33]Tuyệt đối…,
敌33]绝对……不能……,敌33]絶対に…,敌33]Never... Never...,敌33]Tuyệt đối… không thể…,
敌33]绝对不能放过你！,敌33]絶対に逃がさない！,敌33]I will never let you go unpunished!,敌33]Tuyệt đối không thể buông tha!,
,,,,
d504.txt,,,,
自1]刚才的清除失败了么……,自1]先のクリアが失敗したか…,自1]The extermination failed...?,自1]Sự thanh trừ ban nãy thất bại rồi sao…,
自0]看来还得再来一次呢。,自0]もう一回が必要だね。,自0]Looks like I have to start over.,自0]Xem ra còn phải làm một lần nữa nhỉ.,
敌33]总觉得……充满了战斗的欲望……,敌33]戦いの欲望は…満ちていく…そんな気がする…！,敌33]I'm... eager to fight...,敌33]Ta cảm thấy… dâng trào ham muốn chiến đấu sao sao rồi ấy…,
,,,,
d511.txt,,,,
敌42]总算轮到我了呢。,敌42]ようやく私の番だな。,敌42]Finally! It's my turn!,敌42]Cuối cùng cũng đến phiên tôi rồi nhỉ.,
自1]果然是你们搞得鬼啊，幻想乡空气质量杀手！,自1]やっぱりあんたらの悪巧みね、幻想郷空気汚染源め！,自1]So it is you guys! The ones responsible for ruining Gensokyo's air!,"自1]Quả nhiên là các ngươi giở trò, sát thủ chất lượng không khí Ảo Tưởng Hương!",
敌45]呵呵，不管怎么样这次机会大小姐不会轻易放过的。,敌45]ふふ、今回のチャンスをお嬢様は何としても逃さないよ。,"敌45]Hehe, milady will not waste this opportunity.","敌45]Hề hề, cho dù thế nào, cơ hội lần này đại tiểu thư sẽ không dễ dàng bỏ qua đâu.",
自3]我才不在意你们怎么样呢，至少别给我添麻烦啊。,自3]あんたらの都合なんか聞いてない。面倒掛けるんじゃないわよ。,"自3]I don't care what you guys are up to, just don't get in my way.","自3]Ta còn chả thèm để ý các ngươi như thế nào ấy, chí ít đừng đưa ta thêm phiền toái nữa.",
敌44]说反了吧，明明是你自找麻烦。,敌44]その逆だろ？自ら面倒に突っ込んだくせに,敌44]You're the one looking for trouble.,"敌44]Nói ngược rồi đó, rõ ràng là cô tự tìm phiền toái.",
自2]你们这群家伙，总是想找点存在感呢。,自2]あんたらね、いつも存在感が欲しいね。,"自2]You people, always desperate for attention, huh?","自2]Đám người các ngươi kia, lúc nào cũng thích gây sự chú ý hả.",
敌42]是吗，红魔馆已经有一段时间没有活着的人出去了呢。,敌42]そう？紅魔館からは暫く生きて出た人がないよ。,"敌42]Is that so, It's been a while since the last time a living person walked out of Scarlet Devil Mansion.","敌42]Thế à, Hồng Ma Quán đã có một quãng thời gian không có người còn sống mà ra ngoài rồi đó.",
自1]诶？我有看到魔理沙从图书馆偷溜回来哦。,自1]え？魔理沙が図書館から潜り出たのを見たけどよ。,自1]Really? I saw Marisa sneak in from the library.,自1]Ể? Ta có thấy Marisa lẻn ra từ thư viện mà trở về đó nha.,
敌42]……,敌42]……,敌42]…,敌42]…,
敌40]好吧，不必再浪费口舌了。,敌40]もういい、無駄話はいらん。,"敌40]Well, then I have nothing to say.","敌40]Đủ rồi, không cần lãng phí miệng lưỡi nữa.",
MUSIC,MUSIC,MUSIC,MUSIC,
敌41]这一次，为了让大小姐顺利完成计划……,敌41]今度こそ、お嬢様の計画、成就の為に…！,"敌41]This time, to complete milady's plan more smoothly...","敌41]Lần này, nhằm để đại tiểu thư suôn sẻ hoàn thành kế hoạch…",
敌41]我不会让你留下残机的喔。,敌41]1残機すら残させはしない！,敌41]None shall remain alive.,"敌41]Tôi sẽ không để cho cô giữ lại ""cái mạng"" nào đâu.",
自0]谁信啊？,自0]誰が信じるか？,自0]I'm not buying it.,自0]Ai tin à?,
PAUSE,PAUSE,PAUSE,PAUSE,
,,,,
d512.txt,,,,
自2]哟，好久不见，扫地的。,自2]よ、久しぶり、床掃き！,"自2]Hey, long time no see, cleaner.","自2]Yzô, lâu lắm không gặp, cô quét sàn.",
敌42]喲，好久不见，偷书贼。,敌42]よ、久しぶり、本泥棒。,"敌42]Hey, long time no see, book thief.","敌42]Yzô, lâu lắm không gặp, quân trộm sách.",
自2]借书不算偷喔！,自2]借りは盗みの数に入らないよ！,自2]Stealing books isn't theft!,自2]Mượn sách đâu tính là trộm đâu!,
敌41]……,敌41]……,敌41]…,敌41]…,
敌44]看来对你这种家伙不能用正常的逻辑呢。,敌44]貴様のような奴には通常のロジックが通じないようだね。,敌44]How wrong of me to compare you to normal people.,敌44]Xem ra đối với bọn nhà ngươi thì không thể dùng lô-gích bình thường nhỉ.,
自3]不管怎么样，对付你还是绰绰有余的！,自3]だからなんだ？お前の相手なら余裕たっぷり！,"自3]Anyway, I can definitely handle you.",自3]Thế rồi thì sao nào? Đối phó ngươi thì sức ta dư dả chán.,
敌40]那可不一定呢。,敌40]どうかな。,敌40]I wouldn't be so confident.,敌40]Chưa chắc đâu nhé.,
自0]喂，我可是打败过你的喔，别不算数啊。,自0]おいおい、倒したことあんだろ？とぼけんなよ。,"自0]Hey, I've defeated you before, haven't I?","自0]Này, ta thực đã từng đánh bại ngươi đấy, chớ không tính đến đi.",
敌45]以前是以前，现在是现在，版本不同了呢。,敌45]以前は以前、現在は現在。バージョンは違うよ。,"敌45]Things are different now, It's a whole new game.","敌45]Trước kia là trước kia, bây giờ là bây giờ, phiên bản game đã bất đồng rồi.",
自1]哈？这算什么嘛！,自1]は？なにそれ！,自1]What? What's that supposed to mean!,自1]Hả? Thế tức là sao hả?,
MUSIC,MUSIC,MUSIC,MUSIC,
敌41]总之，为了大小姐能顺利完成计划……,敌41]とにかく、お嬢様の計画の完成が為に…,敌41]For milady to complete her plan...,"敌41]Tóm lại, nhằm đại tiểu thư có thể suôn sẻ hoàn thành kế hoạch…",
敌45]准备好满身疮痍吧！,敌45]満身創痍になれ！,敌45]Get ready to die!,"敌45]Hãy chuẩn bị để cho ""Thương tật Đầy mình"" đi!",
自4]来吧，我已经迫不及待了DA☆ZE！,自4]こいよ、待ちくたびれDA☆ZE！,"自4]Come on, I can't wait, DA ZE!","自4]Tới đi, ta đã chờ mòn mỏi lắm rồi ĐA☆ZỀ!",
PAUSE,PAUSE,PAUSE,PAUSE,
,,,,
d513.txt,,,,
自2]总算从那阴暗的地方出来了呢。,自2]ようやくあの暗い場所から出たわ。,自2]Finally got out of that hell hole.,自2]Cuối cùng cũng ra khỏi cái chốn âm u kia rồi.,
敌40]趁现在好好欣赏下这美丽的夜色吧。,敌40]今の内にどうぞ美しき夜色を堪能しなさい。,敌40]You'd better take in this beautiful night while you can.,"敌40]Nhân lúc còn bây giờ, hãy thưởng thức lấy cảnh đêm mỹ lệ này cho tốt đi.",
自2]话说，你穿着女仆装难道是在cosplay？,自2]なにそのメイド服、もしかして、コスプレ？,"自2]Say, is that some sort of costume you're wearing?","自2]Này, ngươi mặc đồ hầu gái đây chẵng lẽ là đang cosplay?",
敌41]真是无礼啊。,敌41]無礼な。,敌41]How rude.,敌41]Thật là vô lễ.,
敌41]我是这里的女仆长——十六夜咲夜。,敌41]私こそここのメイド長――十六夜　咲夜だ。,"敌41]I am Sakuya Izayoi, the head maid here.",敌41]Tôi là Izayoi Sakuya - Trưởng hầu gái nơi này.,
自0]也是妖怪么？,自0]貴方も妖怪ですか？,自0]Youkai?,自0]Ngươi cũng là yêu quái sao?,
敌40]是人类呢。,敌40]人間だ。,"敌40]No, human.",敌40]Tôi là con người cơ.,
自2]人类？！为什么会待在这么危险的破地方……,自2]人間？！どうしてそんな危険でおんぼろなところにいるの…,自2]A human?! My goodness! Why would a human live in such a TERRIBLE place?,自2]Con người?! Tại sao phải lưu lại ở cái chốn tồi tệ nguy hiểm như vầy?,
敌42]不仅是待在这，实际上也负责所有的事务呢。,敌42]いるだけではない。実際、全ての事務も担当している。,"敌42]I not only live here, I am also in charge of all kind of things here.","敌42]Không những là lưu lại ở đây, mà trên thực tế tôi còn phụ trách tất cả công việc đó.",
自0]那你是妖怪的手下？,自0]では、妖怪の手下さん？,自0]Then you're like a subordinate of the Youkai?,自0]Vậy ngươi là thủ hạ của yêu quái?,
敌40]说来话长哦。,敌40]話せば長い。,敌40]It's a long story.,敌40]Nói ra thì dài dòng đấy.,
自0]嘛，算了，我是来寻找异变的源头的。,自0]まあいいわ、異変の源を探しに来たし。,"自0]Well, I'm here looking for the root of the incident.","自0]Chà, thôi vậy, ta thì là đến đây tìm ngọn nguồn của dị biến.",
敌40]那看来你来得不是时候呢。,敌40]ならタイミングが良くないね。,敌40]I'm sorry to inform you that now is a bad time to visit.,敌40]Vậy xem ra cô đến không đúng lúc nhỉ.,
自0]这样可不行哦，我好歹跑了这么远……,自0]それはだめです、せっかくこんなに遠くまで走ったのに…,自0]That's not a nice thing to do. I've come a long way to get here...,"自0]Như vậy thì thực là không được đâu, ta cũng đã cất công chạy xa như này…",
MUSIC,MUSIC,MUSIC,MUSIC,
自3]不让我见到最终BOSS才不会走呢！,自3]ラスボスに会わずに帰るもんか！,自3]I'm not leaving until I see the last boss!,自3]Không để ta thấy BOSS cuối thì ta sẽ không chịu đi đâu!,
敌45]那就试试看能不能摆脱我吧。,敌45]ならばこちらを振り切ってみよう。,"敌45]Then try to get past me, if you can.",敌45]Vậy thì thử tí xem ngươi có thể thoát khỏi ta hay không nào.,
敌45]顺便让你享受下被时间束缚的感觉！,敌45]ついでに、時間が縛れる感覚を味あわせてやる！,"敌45]Meanwhile, please enjoy the chains of time! ",敌45]Tiện thể cho ngươi nếm trải cảm giác bị thời gian trói buộc!,
PAUSE,PAUSE,PAUSE,PAUSE,
,,,,
d514.txt,,,,
敌40]这么晚了不待在图书馆吗？,敌40]こんなに夜遅くに、図書館に居なくてよろしいんですか？,敌40]Isn't it too late for you to be away from the library?,敌40]Trễ thế này rồi mà ngài không lưu lại ở thư viện sao?,
自0]图书馆需要好好打扫一下了。,自0]図書館にはきちんと掃除すべきよ。,自0]The library needs a little cleaning.,自0]Thư viện cần quét dọn một lát cho sạch rồi.,
敌40]早上已经打扫好了喔，莫非……,敌40]朝は掃除しました。まさか…,"敌40]I finished cleaning this morning, unless...","敌40]Buổi sáng tôi đã quét dọn sạch rồi mà, chẳng lẽ…",
自0]已经是一团糟了啊。,自0]もう滅茶苦茶よ。,自0]It's already a total mess.,自0]Đã rối tinh rối mù cả rồi.,
敌40]也不知道那家伙有没有在好好看门呢。,敌40]あいつはちゃんと見張っているかどうかね。,敌40]I wonder if she's doing a good job as the doorkeeper...?,敌40]Cũng không biết tên kia có đang coi cửa đàng hoàng hay không đây.,
自0]没觉得空气中有些异样吗？,自0]空気が異常だと思わない？,自0]Haven't you felt a certain abnormality in the air?,自0]Ngươi không cảm thấy trong không khí có vài cái khác thường sao?,
敌40]异样？我完全没有感觉到。,敌40]異常？全く感じませんでしたが。,敌40]Abnormality? I haven't felt a thing at all.,敌40]Khác thường? Tôi hoàn toàn không hề cảm thấy được gì.,
自1]毕竟你不是妖怪呢。,自1]それもそうね、妖怪ではないから。,自1]You're not a Youkai after all.,自1]Dẫu sao ngươi cũng không phải là yêu quái nhỉ.,
自0]话说蕾米莉亚在干什么？,自0]そう言えば、レミは何をしている？,"自0]Say, what's Remilia up to?",自0]Nói lại thì Remilia đang làm gì thế?,
敌45]不知道，不过说是很重要的事情。,敌45]存じておりません。ただ、とっても大事なことだと。,"敌45]I don't know, but it is very important according to milady.","敌45]Tôi không biết, nhưng ngài ấy bảo là chuyện rất quan trọng.",
自0]说起来，我发现奇怪的气息在朝那边移动呢。,自0]そう言えば、変な気配があちらに移動しているね。,自0]I get this feeling that the strange scent is moving over that way.,"自0]Nhắc đến thì, ta phát hiện hơi khí kỳ lạ đang di chuyển về bên kia.",
自0]看来得好好问问那家伙了……,自0]しかと奴を問おう方が…,自0]I need to talk to her...,自0]Xem ra cần phải hỏi cho rõ bà này rồi…,
敌41]这个……,敌41]それは…,敌41]Well...,敌41]Cái này…,
敌41]大小姐吩咐过了，任何人都不能擅自进去呢。,敌41]お嬢様の言いつけでございます。何者にも、入れさせるな、と。,敌41]Milady's orders are that nobody gets in.,"敌41]Đại tiểu thư đã căn dặn qua, bất kỳ ai cũng không thể tự tiện đi vào đâu.",
自1]是吗，这样就更可疑了……,自1]そう。なおさら疑わしいね…,自1]Is that so? It sounds suspicious to me...,自1]Thế sao? Như vậy thì càng khả nghi nữa…,
自0]所以没有可以进去的路了吗？,自0]だから、入る道はない？,"自0]So, no way in, huh?",自0]Cho nên không có đường nào khả dĩ để đi vào rồi à?,
MUSIC,MUSIC,MUSIC,MUSIC,
敌40]看来让您进去的办法只有打败我了。,敌40]道はただ一つ、私を倒すこと。,敌40]Looks like you'll have to beat me first.,敌40]Xem ra biện pháp để cho ngài đi vào thì chỉ còn nước đánh bại tôi rồi.,
敌40]大小姐的吩咐，我是不能轻易违背的。,敌40]お嬢様の言いつけ、破る訳にはいきません。,敌40]You know I can't easily violate milady's orders.,"敌40]Lời căn dặn của đại tiểu thư, tôi không thể tùy tiện làm trái được.",
自2]话虽如此，但我也不能放任她乱来的喔。,自2]とは言え、彼女を野放しには出来ないよ。,"自2]But, I can't just let her do whatever she wants.","自2]Lời tuy như thế, nhưng ta cũng không thể để mặc cô ta làm càn được.",
PAUSE,PAUSE,PAUSE,PAUSE,
,,,,
d601.txt,,,,
敌03]果然你也追到这里来了呢。,敌03]やっぱりここまで追いついたね。,"敌03]So, you came here too, huh?",敌03]Quả nhiên ngươi cũng truy tới nơi này rồi nhỉ.,
自2]诶？原来是你么？,自2]え？あんただった？,"自2]Oh, so it's you?",自2]Hể? Thì ra là ngươi sao?,
敌00]我被很强烈的气息吸引过来，看样子是大事件喔。,敌00]強い気配に惹きつけられたのよ。大事件みたいね。,敌00]I came here for that intense scent... It looks like something big is going on.,"敌00]Ta bị một hơi khí rất mãnh liệt hấp dẫn mà tới, coi bộ là sự kiện lớn đây.",
自3]蕾米莉亚那家伙果然又在搞鬼吗！,自3]レミリアのやつ、やっぱロクなことしない！,自3]I'm guessing it's Remilia again.,自3]Ả Remilia quả nhiên lại đang giở trò rồi!,
敌00]顺便，就让我在此展现我真正的实力吧，反正也是最后一关了呢。,敌00]ついでに真の力を見せてあげるよ、どうせラストステージだし。,"敌00]Since we are here, let me show you what I can do. It is, after all, the last stage.","敌00]Tiện thể, hãy để ta giương ra thực lực chân chính của ta tại đây đi, dù gì cũng là ải cuối rồi mà.",
自3]喂，我可没兴趣再教训你一遍喔！,自3]おい！もう一度ボコる気はないよ！,"自3]Hey! I'm not interested in doing this again, OK?","自3]Này, ta không hề có hứng thú giáo huấn ngươi lại tập hai đâu!",
敌00]当黑暗降临之后，这里就是你的坟墓了！,敌00]闇が降りた時、ここはきみの墓となる！,"敌00]When the darkness falls, this place shall become your grave!","敌00]Sau khi bóng tối giáng lâm, nơi này chính là mộ của ngươi rồi!",
,,,,
d602.txt,,,,
自1]阿咧，又是你……,自1]あれ、またお前か…,"自1]Oh, you again...","自1]Ủa, lại là ngươi…",
敌03]你也被吸引到这里来了呢。,敌03]きみもここに惹きつけられたよね。,"敌03]I see you've been brought here, too.",敌03]Ngươi cũng bị hấp dẫn tới nơi này rồi nhỉ.,
自0]什么啊，我只是在找异变的源头啦。,自0]なによ、こっちは異変の元凶を探してんだよ。,自0]I'm just looking for the root of the incident.,"自0]Cái gì vậy, ta chỉ là đang tìm ngọn nguồn của dị biến thôi.",
敌00]没感觉到吗，蔓延在空气中的气息，好像把妖怪都吸引过来了呢。,敌00]気づいてない？空気に漂う気配、まるですべての妖怪を引き付けたようだ。,敌00]Haven't you noticed yet? The scent diffusing through the air is luring Youkai here.,"敌00]Chưa cảm thấy được à, cái hơi khí lan tràn trong không khí.. dường như hấp dẫn tất cả yêu quái tới rồi đó.",
自3]哈？话说我可不是妖怪喔。,自3]は？こっちは妖怪じゃねえよ。,自3]What? I'm not a Youkai.,自3]Hả? Đằng này ta đâu phải yêu quái.,
敌00]不是妖怪却很粗鲁呢。,敌00]妖怪じゃないのに乱暴ね。,"敌00]Aren't you a bit too rude for a human, though?",敌00]Không phải yêu quái mà lại rất thô lỗ nhỉ.,
自2]看来不好好打一场不行呢。,自2]ちゃんと戦わねえわけが、ねえか。,"自2]Come on, let's fight.",自2]Xem ra không đánh một trận ngon nghẻ thì không được nhể.,
敌00]正好，让你看看我真正的实力吧！,敌00]なら丁度いい、ほんとの実力を見せてあげるね！,"敌00]I was just thinking the same. Then, let me show you my true power!","敌00]Vừa đẹp, cho ngươi xem tí thực lực chân chính của ta đây!",
,,,,
d603.txt,,,,
自2]什么啊，又是你……,自2]何よ、また貴方ですか…,自2]What? You again...?,"自2]Cái gì hả, lại là ngươi…",
敌00]我只是被很强烈的气息吸引过来的喔。,敌00]強い気配に惹きつけられただけなのよ。,敌00]I'm just here for the intense scent.,敌00]Ta chỉ là bị cái 'hơi khí mãnh liệt' hấp dẫn tới đây thôi.,
自2]气息？没感觉到啊。,自2]気配？感じなかったけど。,自2]The scent? What do you mean?,自2]Hơi khí? Ta chẳng cảm thấy được.,
敌00]看来是只有妖怪才能分辨出来的信息呢。,敌00]どうやら妖怪にしか見分けられない情報ね。,敌00]Maybe only Youkai can tell the difference.,敌00]Xem ra là thông điệp mà chỉ có yêu quái mới có thể phân biện ra được nhỉ.,
自3]原来如此……我大概明白怎么回事了呢。,自3]なるほど…大体わかったわ。,自3]I see what's going on here.,自3]Thì ra là vậy… Đại khái ta hiểu rõ sự thể ra làm sao rồi.,
敌00]看来你的疑问似乎解开了呢。,敌00]疑問が解いたみたいね。,敌00]It seems like you've figured it out.,敌00]Xem ra nghi vấn của ngươi hình như tháo gỡ rồi nhỉ.,
自3]总之，先把你退治了再说！,自3]とりあえず貴方を退治してから！,自3]Enough talk! I should just exterminate you first!,"自3]Trước hết, thoái trị ngươi cái đã rồi nói sau!",
敌00]既然这样的话……,敌00]そう来るのなら…,"敌00]Well, if you put it that way...",敌00]Nếu mà đã như thế…,
敌00]那就让你感受下我真正的实力吧！,敌00]ほんとの実力を感じさせてあげるね！,"敌00]Then, it's time for me to show you I mean business!",敌00]Vậy thì cho ngươi cảm thụ thực lực chân chính của ta đây!,
,,,,
d604.txt,,,,
自0]看来你也发现了呢。,自0]貴女も発見したようだね,"自0]So you found it out, too?",自0]Xem ra ngươi cũng phát hiện rồi nhỉ?,
敌00]我是被那股奇怪的气息吸引过来的。,敌00]あの変な気配に惹きつけられたのよ。,敌00]I'm here for that intense scent.,敌00]Ta bị làn hơi khí kỳ lạ kia hấp dẫn tới thôi.,
自0]这样吗……将妖怪们都吸引到这边来……,自0]そうか…妖怪を皆ここに引き付くか…,自0]I see... luring all the youkai here...,自0]Như vậy à… hấp dẫn tất cả yêu quái đến bên đây….,
自0]想要来一场“盛大的宴会”吗……,自0]「盛大なる宴会」のつもりか…,自0]For a grand banquet maybe...?,"自0]Muốn mở một cuộc ""Yến tiệc Long trọng"" sao…?",
敌00]宴会？听起来很有趣嘛。,敌00]宴会？面白そうに聞こえるね。,敌00]A banquet? Sounds fun.,敌00]Yến tiệc? Nghe có vẻ rất thú vị mà.,
自0]来的估计都是些和她品味相同的妖怪吧……,自0]大体、来たのは皆彼女と同じ趣味の妖怪だろう…,自0]Those Youkai probably came here after the same taste as her...,自0]Đoán chừng đến đây đều là những yêu quái có thị hiếu tương đồng với cô ta…,
敌00]这样说我可不高兴喔……,敌00]それは嬉しくないよ…,敌00]I don't appreciate the way you're talking...,敌00]Ngươi nói như vậy ta chả thích thú gì…,
敌00]既然到了这里，那就让你见识下我真正的实力吧！,敌00]もうここまで来ちゃったし、ほんとの実力を見せてあげるか！,"敌00]Since we are here, I might as well show you what I can do!","敌00]Nếu đã đến nơi này rồi, vậy thì cho ngươi mở mang kiến thức bằng chút thực lực chân chính của ta đây!",
,,,,
d611.txt,,,,
敌51]啊啦啊啦，灵梦酱，好久不见……,敌51]あらあら、霊夢ちゃん、久しぶり…,"敌51]Oh, long time no see, Reimu chan...","敌51]Ái chà ái chà, bé Reimu, lâu lắm không gặp…",
敌52]有没有被我的气场吓到呢~,敌52]わたくしのオーラに圧倒された～？,"敌52]Intimidated by my power, maybe?",敌52]Có bị cơn khí của ta dọa hay không nhỉ~,
自3]少来了，难道吸血鬼的记性都这么差吗？,自3]よしなさい。吸血鬼ってみんな記憶力弱いの？,"自3]Come on, I wonder if all you vampires have a memory like a sieve.","自3]Thôi giùm đi, chẳng lẽ trí nhớ của ma cà-rồng đều kém như vậy sao?",
敌50]那倒不是喔，只是这一次不一样呢。,敌50]そうじゃない。ただ今回は桁が違う。,敌50]I wouldn't say that. And it's different this time.,"敌50]Chẳng phải thế đâu, chỉ là lần này không giống thôi.",
自0]说到底你就是异变的始作俑者啦。,自0]何と言っても、あんたが異変の元凶ね。,"自0]So, you're the reason for this incident, after all.",自0]Nói cho cùng thì ngươi chính là kẻ đầu têu dị biến rồi.,
敌55]别这么说，这次只是想举办一场更大的宴会而已嘛。,敌55]そういうな。今回はただ、もっと大きな宴会がしたいだけ。,"敌55]Oh, don't say that. I only wanted to throw a bigger banquet.","敌55]Đừng nói như vậy, lần này chỉ là ta muốn cử hành một buổi yến tiệc lớn hơn mà thôi.",
自2]宴会？不对，难道是……,自2]宴会？いや、まさか…,"自2]A banquet? No, more like a...","自2]Yến tiệc? Không đúng, chẳng lẽ là…",
敌50]向妖怪们发出的邀请喔。,敌50]妖怪たちへの、招待よ。,"敌50]Yes, an invitation to all Youkai.",敌50]Là lời mời phát ra đến các yêu quái đấy.,
自3]喂，你是想怎样……不过你这家伙的宴会谁会来啊？！,自3]何考えてるんだよあんたは…でも誰があんたのようなやつの宴会に来るかよ？！,"自3]Hey, what do you want for real... And who will your guests be!?","自3]Này, cho dù ngươi muốn đến thế nào… nhưng yến tiệc của nhà ngươi thì ai sẽ đến cơ chứ?!",
敌52]身为红魔馆的主人，邀请到的肯定都是贵客呢。,敌52]紅魔館の主人たる者、招いた客は皆貴賓よ。,"敌52]As the lord of Scarlet Devil Mansion, my guests will surely be of the highest distinction.","敌52]Thân là chủ nhân của Hồng Ma Quán, những người mời đến chắc chắc đều là khách quý đó.",
自3]什么啊，外面的妖怪都一副要造反的样子了啊。,自3]なによ、外の妖怪はみんな暴動してるみたいよ。,自3]The Youkai outside have gone crazy.,"自3]Cái gì cơ, yêu quái bên ngoài trông toàn là muốn gây loạn không à.",
敌51]那肯定是太过兴奋了，连我都被感染到了呀。,敌51]それは興奮しすぎだろう、わたくしですら移ってしまったよ。,敌51]That is because they are overwhelmed by excitement... It's quite touching.,"敌51]Vậy thì chắc chắn là hưng phấn thái quá rồi, ngay cả ta cũng bị lây mất rồi này.",
自2]不管怎么样，现在就给我立马停下啊！,自2]どうでもいい、今すぐ止めろよ！,自2]I don't care. Just stop it! Now!,"自2]Thế nào cũng được, bây giờ hãy lập tức dừng lại cho ta!",
MUSIC,MUSIC,MUSIC,MUSIC,
敌50]已经不可能了哦，邀请都发出去了~,敌50]もう無理よ、招待状は送ったし～,"敌50]I'm afraid that is impossible now, for the invitation has been sent.","敌50]Đã không thể nào nữa rồi, lời mời cũng phát đi rồi~",
自3]总之给我快住手，不然的话……,自3]とにかくやめろ、さもないと…,"自3]You stop it, or I'm going to...","自3]Tóm lại mau dừng tay cho ta, bằng không thì…",
敌54]很抱歉，今天也是满月喔……,敌54]ごめんね、今日も満月よ…,敌54]I'm sorry but tonight is also a full moon...,"敌54]Thật là có lỗi, hôm nay cũng là trăng tròn đó…",
敌54]我也已经有段时间没有好好活动一下了呢。,敌54]暫くいい運動しなかったよ、わたくし。,敌54]It's been a while since the last time I stretched out.,敌54]Ta cũng đã có một khoảng thời gian chưa vận động ngon lành một chút rồi nhỉ.,
自0]看来你已经做好被我再打趴下的觉悟了啊。,自0]どうやらまたやられる覚悟ができたわよね。,自0]Seems like you've made up your mind.,自0]Xem ra ngươi đã sẵn sàng tinh thần để bị ta đánh sấp mặt nữa nhể.,
敌52]那么，就在这绯红的月色下开始我华丽的弹幕祭典吧！,敌52]さあ、緋色の月の下に始めよう！わたくしの華麗なる弾幕祭りを！,"敌52]Then, let's start the grand danmaku festival under this scarlet moon!","敌52]Nào, dưới ánh trăng đỏ thắm này, chúng ta hãy bắt đầu lễ hội đạn mạc hoa lệ đi!",
,,,,
d612.txt,,,,
自0]呼，终于现身了！,自0]ふう、ようやく現れやがったな！,自0]Finally!,"自0]Phù, rốt cuộc ngươi cũng ra mặt rồi!",
敌51]呀，好久不见呢~,敌51]やあ、久しぶりね～,"敌51]Hey, it's been a while!","敌51]Í dza, lâu lắm không gặp nhỉ~",
自1]看来不用推理了呢……,自1]推理も要らねえな…,自1]I think I'm going to skip trying to reason with you...,自1]Xem ra khỏi cần suy luận rồi nhể…,
自1]显然你就是异变的源头吧！,自1]明らかに異変の元凶だな！,自1]You are clearly the cause of all this!,自1]Hiển nhiên ngươi chính là ngọn nguồn của dị biến!,
敌53]诶？说什么呢，异变那种事我已经没兴趣做了喔。,敌53]え？何を言うの、異変なんてもう興味ないよ。,敌53]What are you talking about? I'm doing nothing wrong here.,"敌53]Hể? Nói cái gì vậy, ba cái dị biến đó ta đã chả còn hứng thú mà làm rồi.",
自1]什么嘛，我明明看见妖怪在朝你这里聚集啊。,自1]なにをいう、妖怪がお前んちに集まるのを見たんだよ。,自1]I saw the Youkai gathering to you here.,"自1]Cái gì hả, ta rõ ràng nhìn thấy yêu quái đang tụ tập về nơi này của ngươi.",
敌50]他们只不过是我邀请来的客人而已，我这有上好的红茶款待喔。,敌50]招かれた客だけよ。こっちには特級の紅茶が振る舞いよ。,敌50]They are my guests. I'm bringing out my best tea set.,"敌50]Bọn họ chẳng qua chỉ là khách ta mời tới mà thôi, đây ta có thết đãi hồng trà thượng hảo đó.",
自2]是么？不好意思，看来泡茶的已经被我打跑了呢……,自2]そうかい？わりいな、茶を淹れるヤツはもう俺様に追い払われたぜ…,"自2]Oh, yes? Well then, sorry that I drove away the one who could fix you a cup of tea...","自2]Thế sao? Thật ngại quá, xem ra người pha trà đã bị ta đánh chạy rồi…",
敌50]咲夜吗？果然人类还是靠不住呀。,敌50]咲夜か？人間はやはり頼りないね。,敌50]You mean Sakuya? Humans are really quite unreliable.,敌50]Sakuya à? Quả nhiên vẫn chả nhờ cậy được con người.,
自1]不过你看看你都干了些什么啊。,自1]自分のしでかしたことを見てみろよ。,自1]Look what you've done.,自1]Nhưng ngươi nhìn xem ngươi đã gây ra những gì hả.,
敌52]我只是发出邀请而已，不过用了点小技巧嘛。,敌52]ただ招待しただけよ、ちょっとテクニックを使っただけど。,"敌52]I just sent the invitations, with a few little tricks.","敌52]Ta chỉ là phát ra lời mời mà thôi, chẳng qua có dùng chút tí kỹ xảo.",
自0]难怪，我一路上碰见的妖怪都变得很躁动了呢。,自0]道理で途中の妖怪はみな騒いでやがるな。,自0]No wonder the Youkai I met on my way here were all insane.,"自0]Hèn chi, yêu quái mà ta đụng gặp dọc đường đều đã trở nên rất là xao động.",
敌51]或许是因为我有着独特的吸引力喔~,敌51]わたくしの特別な魅力の為かもよ～,敌51]Or perhaps it's just my charm.,敌51]Có lẽ là bởi vì ta có sức hấp dẫn riêng biệt đó~,
自1]能被你吸引还真是“荣幸”啊……,自1]お前に惹きつけられたのはマジで「光栄」だな…,"自1]Oh, I'm so ""honored""...","自1]Có thể được ngươi hấp dẫn thì thật đúng là ""vinh hạnh"" ạ…",
敌50]呵呵，你也不一样被吸引过来了么？,敌50]ふふ、あなたもそうじゃなくて？,"敌50]Hehe, but you're here too, aren't you?","敌50]Hề hề, ngươi cũng chẳng bị hấp dẫn về đây giống thế rồi sao?",
自2]我来只有一个目的，就是解决掉你，然后回去睡觉啦！,自2]俺様の目的は一つだけだ！お前をやっつけて、帰ってぐっすり眠る！,自2]I'm here to take you down before I go to bed.,"自2]Ta tới chỉ có một mục đích, chính là giải quyết bẵng ngươi, sau đó đi về đánh giấc ngủ!",
MUSIC,MUSIC,MUSIC,MUSIC,
敌55]那看来今晚一定是个美好的夜晚呢。,敌55]きっと今宵は素敵な夜になるね。,"敌55]Then, tonight's going to be a wonderful night.",敌55]Vậy xem ra tối nay nhất định là buổi đêm tuyệt vời nhỉ.,
自4]总之打败你就万事大吉了！,自4]とにかくお前を倒したらめでたしめでたし！,"自4]In a word, I just need to destroy you!",自4]Tóm lại đánh bại ngươi thì vạn sự đại cát rồi!,
敌52]那也要小心不能犯下轻敌的错误……,敌52]甘く見る、というミスを犯さないのは前提だけどね…,敌52]I think you should be careful about what you say...,敌52]Vậy cũng nên cẩn thận không thể mắc phải sai lầm khinh địch…,
敌54]因为，今晚也是满月喔~,敌54]だって、今宵も満月よ～,"敌54]Because tonight is the night of the full moon, don't you know?",敌54]Bởi vì.. đêm nay cũng là trăng tròn đó~,
自4]我才不管你们的习性呢，总之赶紧开始吧！,自4]お前らの習性など知るか！とにかくさっさと始めよう！,"自4]I couldn't care less about your sky-gazing habits, let's just get started!","自4]Ta mặc kệ tập tính của các ngươi, tóm lại mau chóng bắt đầu đi thôi!",
敌54]那么，就在这绯红的月色下举办一场华丽的弹幕祭典吧！,敌54]さあ！緋色の月の下に、華麗なる弾幕祭りを開催しよう！,"敌54]Then, it's time for the grand danmaku festival under the scarlet moon!","敌54]Nào, dưới ánh trăng đỏ thắm này, hãy cử hành lễ hội đạn mạc hoa lệ đi!",
,,,,
d613.txt,,,,
自1]这地方，真是诡异……,自1]この場所、まさしく怪奇…,自1]How weird this place has become...,"自1]Chốn này, đúng là kỳ quái…",
敌51]啊啦，是稀客呢~,敌51]あら、珍しい客～,敌51]What a rare guest.,"敌51]Ái chà, là khách hiếm nè~",
自0]似乎是最终BOSS出现了呢。,自0]ラスボスのお出ましのようね。,"自0]Aha, here comes the last boss.",自0]Hình như là BOSS cuối xuất hiện rồi nè.,
敌50]我是这座洋馆的主人——蕾米莉亚斯卡雷特。,敌50]わたくしこそこの館の主――レミリア・スカーレット。,"敌50]I am the lord of this mansion, Remilia Scarlet.",敌50]Ta là Remilia Scarlet - Chủ nhân của tòa dương quán này.,
敌50]你看起来像是人类呢。,敌50]あなたは、人間のように見えるね。,"敌50]You are a human, I suppose?",敌50]Trông ngươi giống như là con người nhỉ.,
自0]被你这样说真是不爽啊，不过我不仅仅是人类呢。,自0]そんな風に言われるのは不愉快ですけど、ただの人間ではありませんよ。,"自0]That's not a polite way of saying it, and I'm not just a human.","自0]Bị ngươi nói như vậy thật là khó chịu, mà ta không chỉ là con người đâu.",
敌52]说的也是，一般的人类早已经被咲夜拦下了。,敌52]それもそうね、ただの人間なら既に咲夜に止められたもの。,敌52]That is reasonable. A normal human would have been stopped by Sakuya.,"敌52]Nói cũng phải, con người thông thường thì đã sớm bị Sakuya cản lại rồi.",
自0]话说回来，异变就是你引起的吧？,自0]話を戻しましょう。異変を起こしたのは貴方でしょう？,"自0]Say, are you the one behind this incident?","自0]Nói đi nói lại, dị biến chính là do ngươi gây nên nhở?",
敌55]怎么会呢，我对异变已经没兴趣了喔。,敌55]まさか。異変にはもう興味がないよ。,"敌55]How could I be the cause, I've moved on from such things.","敌55]Làm sao biết chứ, ta đã đâu còn hứng thú với với dị biến nữa đâu.",
自0]那周围的妖怪为什么会变得狂躁起来呢？,自0]じゃ周りの妖怪はどうして狂暴化したの？,自0]Then tell me why the Youkai have been acting like they're all crazy.,自0]Vậy yêu quái xung quanh tại sao phải hóa điên lên chứ?,
敌50]说起来我察觉到了异样的气息，似乎连通着妖怪之间呢。,敌50]ところで、異常な気配を勘付いた。あれは妖怪同士をリンクしているようだ。,"敌50]Now that you mention it, I came across a strange scent that Youkai love.","敌50]Nhắc tới thì, ta có nhận thấy một hơi khí khác thường, hình như có liên thông giữa các yêu quái.",
自1]是这样吗……,自1]そうですか…,自1]Is that so...,自1]Là như vậy sao…,
敌50]于是我利用这种联系发出了邀请……,敌50]そしてわたくしはそのリンクを利用して誘った。,"敌50]So, I used it to send out my invitations...",敌50]Thế là ta đã lợi dụng mối liên hệ này để phát ra lời mời…,
敌51]其实就是把他们吸引过来呢。,敌51]実のところ、惹きつけた。,敌51]To lure them here.,敌51]Kì thực chính là hấp dẫn bọn chúng đến đây đó.,
自0]说到底还是你引起的对吧。,自0]結局貴方がやったわね。,"自0]So, it was you after all.",自0]Nói cho cùng thì vẫn là ngươi gây nên đúng không.,
敌50]我只是想多邀请一些客人过来一起喝茶而已喔。,敌50]もっと一緒に茶を楽しむ客を招きたいだけよ。,敌50]I just want more guests here to taste my tea.,敌50]Ta chỉ là muốn mời thêm một vài người khách qua đây cùng uống trà mà thôi.,
自0]你还真是唯恐天下不乱啊。,自0]「天下乱れぬことのみぞ恐るる」ね、貴方は。,"自0]You just cannot stand a peaceful Gensokyo, can you?",自0]Thật đúng là thiên hạ bất loạn thì ngươi không chịu nổi à?,
MUSIC,MUSIC,MUSIC,MUSIC,
敌51]对我来说，这实在是很有趣呢~,敌51]わたくしにとって、実に面白いからね。,敌51]It is too much fun for me.,"敌51]Với ta mà nói, điều này thực là rất thú vị đó~",
自3]不管怎么样，为了妖怪的信仰，我是不会放过你的！,自3]世の為妖怪の信仰の為、何としても貴方を見逃せません！,"自3]Whatever, for the faith of Youkai, I'm not letting you get away with this.","自3]Cho dù thế nào, vì tín ngưỡng của yêu quái, ta sẽ không tha cho ngươi đâu!",
敌52]看来你是在小瞧我呢……,敌52]舐めているようだね…,敌52]Are you underestimating me...?,敌52]Xem ra ngươi coi khinh ta à…,
自3]因为我可是不一般的巫女呢……,自3]普通の巫女じゃないからね。,自3]I'm not a regular miko you know...,自3]Bởi vì ta chẳng phải là vu nữ thông thường đâu…,
敌52]这样也会变得更有趣的，因为……,敌52]これではもっと面白くなりそう。だって…,敌52]It keeps getting better and better. Because...,"敌52]Như vậy cũng sẽ trở nên càng thú vị, bởi vì…",
敌54]今晚也是满月！,敌54]今宵も満月！,敌54]Tonight is also a full moon!,敌54]Tối nay cũng là trăng tròn!,
敌54]来吧，准备好迎接命运的嘲弄吧！,敌54]さあ！運命の嘲笑いを受けよう！,敌54]Then come! Prepare to be mocked by destiny!,敌54]Nào! Hãy chuẩn bị nghênh tiếp sự trớ trêu của vận mệnh đi!,
,,,,
d614.txt,,,,
敌50]难得出来呢，帕秋莉。,敌50]せっかく出てきたね、パチュリー。,"敌50]It's rare to see you out, Patchouli.","敌50]Hiếm mà thấy cậu ra ngoài đó, Patchouli.",
自0]蕾米莉亚，你又在搞什么无聊的宴会吗？,自0]レミ、また詰まらない宴会のつもり？,"自0]Are you holding some kind of boring party again, Remilia?","自0]Remilia, cậu lại đang làm cái yến tiệc nhàm chán gì đó sao?",
敌52]当然，因为这是我不多的兴趣呢。,敌52]当然。数少ない趣味だから。,"敌52]Of course, that is one of my few hobbies.","敌52]Đương nhiên, bởi vì đây là hứng thú ít ỏi của tớ.",
自0]不过今晚很特别吧。,自0]でも、今夜は特別よね。,自0]But tonight's special.,自0]Nhưng tối nay rất đặc biệt đó.,
敌50]的确，尤其是那股神秘的气息……,敌50]確かに、特にあの謎の気配…,"敌50]Indeed, especially with that strange scent...","敌50]Chính xác, nhất là làn hơi khí thần bí…",
自0]不如说是像神经毒气一样的东西呢。,自0]と言うより、神経ガスのようなモノか。,自0]Or should I say that nerve gas...,自0]Chi bằng nói rằng nó là môt thứ giống như khí độc thần kinh nhỉ.,
自0]而且奇怪的是只针对妖怪。,自0]更に変なのは妖怪だけに効く。,自0]And it affects only Youkai.,自0]Hơn nữa cái kỳ lạ là chỉ nhằm vào yêu quái.,
敌54]对我来说，这种气息还真是美妙。,敌54]わたくしにとっては、素敵な気配だけど。,"敌54]For me, it is truly intoxicating.","敌54]Với tớ mà nói, loại hơi khí này thật đúng là tuyệt vời.",
自1]看来你兴致还挺高的嘛。,自1]高ぶってるね。,自1]You seem pretty high-spirited.,自1]Xem ra sự hào hứng của cậu rất chi là cao đó.,
自0]不过是时候打破你的美好时光了。,自0]でも、そろそろその良い時間を破る時よ。,自0]But it has to be stopped.,自0]Nhưng giờ là lúc phá tan giây phút đẹp đẽ của cậu rồi.,
敌53]阿咧？,敌53]あら？,敌53]Excuse me?,敌53]Ái chả?,
自0]这种东西在妖怪身边集聚，会让妖怪暴走的喔。,自0]このようなモノが身に集うと、妖怪は暴走するのよ。,自0]It makes Youkai crazy.,"自0]Nếu cái thứ kiểu này tích tụ lên người yêu quái, sẽ khiến yêu quái cuồng loạn đấy.",
MUSIC,MUSIC,MUSIC,MUSIC,
敌55]原来是这样嘛？那真是很有趣呢。,敌55]そうだったの？それは面白いね。,敌55]So that's it? It's very interesting.,敌55]Té ra là như vậy sao? Vậy thì thật là rất thú vị đó.,
自0]看来已经失去理智了吗？,自0]理性すらも失ったか。,自0]Already losing your mind?,自0]Xem ra cậu đã đánh mất cả lý trí rồi sao?,
敌52]我一直在想怎样度过这令人愉快的夜晚……,敌52]こんなに愉快な夜をどう過ごせばいいか、ずっと考えてたの。,敌52]I've been thinking about a way to make this night better...,敌52]Tớ luôn nghĩ suốt là nên làm sao để trải qua buổi đêm khiến người ta khoái trá này…,
自0]再这样下去的话不制止不行了呢。,自0]このままでは止めなければならないね。,"自0]OK, this has to be stopped.",自0]Nếu mà tiếp tục như vậy nữa thì không ngăn cậu lại là không thể được rồi.,
敌52]果然，今晚也是满月呢……,敌52]やはり、今宵も満月…,"敌52]There's a full moon tonight, as I expected...","敌52]Quả nhiên, tối nay cũng là trăng tròn đó…",
敌54]当钟声响起的时候，宴会就要开始了！,敌54]鐘が鳴り響く時は、宴会の始まり！,"敌54]When the bell rings, the banquet will start!","敌54]Khi mà tiếng chuông vang lên, là yến hội sắp bắt đầu rồi!",
敌54]于是，就在这绯红的月色下举办一场华丽的弹幕祭典吧！,敌54]そして、緋色の月の下に華麗なる弾幕祭りを開催しよう！,"敌54]Then, let's start the grand danmaku festival under the scarlet moon!","敌54]Và thế, ngay dưới ánh trăng đỏ thắm này, hãy cử hành lễ hội đạn mạc hoa lệ đi!",
,,,,
d711.txt,,,,
敌61]呀，被发现了~！,敌61]ありゃ、見つけられた～,敌61]Oops. You found me~!,"敌61]Úi, bị phát hiện rùi~!",
自2]又是你啊，别在走廊里乱窜啊。,自2]またあんたか。廊下に走り回るな。,自2]You again? Please don't run in the hallway.,自2]Lại là ngươi à? Đừng có chạy tán loạn trong hành lang.,
敌60]因为总是没人陪我玩，只好自己玩了啦。,敌60]だれも付きあってくれないもん。だからひとり遊ぶの。,敌60]But nobody wants to play with me.,"敌60]Bởi vì lúc nào cũng chẳng ai chơi cùng ta, đành phải chơi một mình dzậy.",
自1]把走廊弄得这么乱，打扫的家伙肯定受不了辞职了吧。,自1]廊下をこんなに散らかしって、掃除係は辞職したいだろう。,自1]You trashed the hallway pretty badly... The cleaner must be at her wit's end.,"自1]Nghịch ngợm hành lanh cho loạn vầy, cô ả quét dọn chắc chắn chịu không nổi nữa mà từ chức mất.",
敌61]咲夜很能干的，每次都能扫得很干净。,敌61]咲夜はすごくやるよ、いつもきれいにするの。,敌61]Sakuya's very helpful. She cleans it up every time.,"敌61]Sakuya giỏi giang lắm, lần nào cũng dọn dẹp sạch sẽ được hết.",
自0]真想雇她来帮忙扫神社的后院啊，叶子多得烦死了。,自0]神社に雇いたいわよ、庭の落ち葉が多すぎったらありゃしない。,"自0]I should hire her to help clean up at the shrine, the fallen leaves are driving me crazy.","自0]Muốn được thuê cô này về giúp quét sân sau thần xã quá, lá rơi nhiều đến nỗi phiền chết rồi.",
敌62]神社是什么啊？,敌62]ジンジャってなに？,"敌62]What's a ""shrine""?","敌62]""Thần xã"" là cái gì vậy?",
自0]没见过吗，是供奉神灵的地方喔。,自0]知らない？神を祀るところよ。,自0]You don't know? It a holy place.,自0]Chưa từng thấy sao? Là nơi để cung phụng thần linh đấy.,
敌61]想去看看呢~,敌61]見たいな～,敌61]I wanna see it.,敌61]Muốn đi xem cơ~,
敌64]不过姐姐大人肯定会不高兴的……,敌64]でもお姉様は喜ばない…,敌64]But my sister wouldn't be happy about that...,敌64]Nhưng mà đại tỷ tỷ chắc chắn sẽ không vui…,
自1]何况你也出不去的吧。,自1]それに出られないよね。,"自1]And you can't go out, actually.",自1]Vả lại ngươi cũng đâu có được ra ngoài.,
敌61]所以只能让你陪我玩一下了。,敌61]だから遊んで！,"敌61]So play with me, would you?",敌61]Cho nên chỉ còn nước để ngươi chơi cùng ta một lát rồi.,
MUSIC,MUSIC,MUSIC,MUSIC,
自2]什么，又是捉迷藏吗？,自2]なんだ？またかくれんぼ？,"自2]What, hide-and-seek again?","自2]Cái gì, lại là chơi cút bắt sao?",
敌63]会比那个更有趣喔！,敌63]もっとおもしろいヤツよ！,敌63]Something better than that!,敌63]Sẽ càng thú vị hơn thế nhiều!,
敌61]那么开始吧！,敌61]始めよう！,敌61]Let's play!,敌61]Nào bắt đầu thôi!,
PAUSE,PAUSE,PAUSE,PAUSE,
敌61]虽然输了但是很开心呢！,敌61]負けたのに楽しい！,"敌61]I lose, but I'm happy!",敌61]Mặc dầu thua rồi nhưng ta vẫn rất là vui đó!,
自3]真是的，我都要困死了！,自3]まったく！こっちは眠いわよ！,自3]I...am...really...tired now!,"自3]Thiệt tình, ta cũng.. muốn.. mệt.. chết..  rồi!",
,,,,
d712.txt,,,,
敌61]总算有活人出现了！,敌61]ひさしぶりの生きる人間！,敌61]Finally! An actual living human showed up!,敌61]Cuối cùng cũng có 'người sống' xuất hiện rồi!,
自1]一上来就说这种话总觉得很不妙呢！,自1]いきなりやばいこと言った！,自1]I have a bad feeling about this!,"自1]Vừa lên là liền nói lời kiểu vậy, cảm thấy rất không ổn thế nào ấy!",
敌60]原来是认识的家伙啊~,敌60]知りあいだったか～,"敌60]Oh, it's you.",敌60]Té ra là người quen kìa~,
自0]本以为你记性会很差呢。,自0]記憶力ないと思った。,自0]I thought you wouldn't remember me.,自0]Những tưởng rằng trí nhớ ngươi sẽ rất kém cơ.,
敌60]能陪我玩的人一只手就能数清了。,敌60]遊んでくれるひとは、指おりで数えられるの。,敌60]I don't have a lot of people to play with.,敌60]Số người có thể chơi cùng ta chỉ đếm được trên đầu ngón tay thôi.,
自2]果然还只是个小孩子啊。,自2]やっぱ子どもじゃん。,自2]You're still a little girl.,自2]Quả nhiên vẫn chỉ là một đứa con nít.,
敌60]果然待在这里好寂寞啊，想出去。,敌60]ここはやっぱり寂しい。出たい。,"敌60]I feel so lonely here, I wanna go out.","敌60]Thực sự đợi ở nơi này hiu quạnh quá à, ta muốn ra ngoài.",
自4]不如我教你怎么溜出去~,自4]こっそり逃げ出す方法を教えてやろうか～,自4]Or I could teach you how to sneak out.,自4]Chi bằng ta dạy ngươi cách để lẻn ra ngoài~,
敌60]那样姐姐大人会惩罚我的。,敌60]お姉様におしおきされるよ。,敌60]My sister will punish me if I do that.,敌60]Như vậy đại tỷ tỷ sẽ trừng phạt ta đó.,
自0]只要不让她发现不就行了？,自0]バレなきゃよくねえ？,自0]Only if she finds out.,自0]Chỉ cần không để chị ấy phát hiện chẳng là được rồi?,
敌60]那是不可能的喔。,敌60]ムリだよ。,敌60]That's not possible.,敌60]Đó là điều bất khả thi đó.,
自1]真是个麻烦的姐姐啊……,自1]面倒くせえ姉だな…,自1]She is such an annoying sister...,自1]Thật là một bà chị phiền toái á…,
MUSIC,MUSIC,MUSIC,MUSIC,
敌61]于是再陪我玩一次吧！,敌61]そんでもってもう一回遊んで！,"敌61]So, play with me! Again!",敌61]Vậy nên chơi cùng ta một lần nữa đi!,
敌63]上次不小心让你赢了，这次不会让你得逞的喔。,敌63]前はうかっり負けちゃったけと、こんどは同じように行かないよ。,敌63]I let you win last time. It won't happen again.,"敌63]Lần trước không cẩn thận để ngươi thắng mất rồi, lần này sẽ không để ngươi được mặc sức đâu.",
自4]那可说不定喔。,自4]そうとは限らねえぜ。,自4]I'm not sure about that.,自4]Nói không biết chừng đâu đấy.,
PAUSE,PAUSE,PAUSE,PAUSE,
敌64]差一点就能赢了呢……,敌64]勝つところだったのに…,敌64]I just need to fight a little harder...,敌64]Thiếu chút nữa thì có thể thắng rồi…,
自2]愿赌服输吧。,自2]大人しく納得しな。,自2]Admit it.,自2]Dám cược thì dám chịu đi chứ.,
敌64]这样又要独自一人了。,敌64]またひとりぼっちになる…,敌64]I'm gonna be alone again.,敌64]Như vậy lại phải một thân một mình nữa rồi.,
,,,,
d713.txt,,,,
自2]奇怪，这里怎么还有这么多妖怪。,自2]おかしいね、どうしてまた沢山の妖怪がここに。,"自2]How strange, there are so many Youkai in this place.","自2]Kỳ quặc thật, nơi này làm sao còn có nhiều yêu quái như vậy.",
敌60]呀，活人出现了！,敌60]やあ、生きる人間見っけ！,敌60]Hey! A human!,"敌60]Úi, 'người sống' xuất hiện rồi!",
自2]什么情况，突然冒出来。,自2]どういうこと？突然現れて。,自2]What the heck?,自2]Vụ gì thế này? Đột nhiên nhô ra đây.,
敌60]我是住在这里的恶魔——芙兰朵露斯卡雷特。,敌60]ここに住む悪魔、フランドール・スカーレットよ。,敌60]I'm a devil and I live here. My name is Flandre Scarlet.,敌60]Ta là Flandre Scarlet - Ác ma trú ở nơi này.,
敌60]你是从哪儿来的呀？,敌60]どこから来たの？,敌60]Where are you from?,敌60]Ngươi đến từ đâu đó?,
自0]我是来自守矢神社的巫女，前来调查一下异变。,自0]守矢神社の巫女です。異変を調査しに参りました。,自0]I'm the miko of Moriya shrine. I'm here to investigate the incident.,"自0]Ta là Vu nữ đến từ Thủ Thỉ Thần Xã, tới điều tra dị biến một lát.",
敌62]诶，那是什么啊？,敌62]え、なにそれ？,敌62]Hey! What's that?,"敌62]Hể, đó là cái gì dzậy?",
自2]没见过吗……看来是被关在这里很久了嘛。,自2]知りません？…随分長い間ここに閉じ込められたに見えるわ。,自2]You've never seen one of these? You've probably been here for too long.,自2]Chưa từng thấy sao… Xem ra là bị nhốt ở nơi này rất lâu rồi.,
敌60]的确很久了，快500年了呢。,敌60]たしかに長かったね、もうすぐ500年か。,"敌60]Yes, I've been here for nearly 500 years.","敌60]Chính xác rất lâu rồi, gần 500 năm rồi đó.",
自2]这么久恐怕视力已经退化了吧。,自2]そんなに長くと、視力が退化したんだろう。,自2]Your vision must have dullened by now.,自2]Lâu như vậy thì e rằng thị lực đã thoái hóa rồi.,
敌62]视力又是什么呢？,敌62]シリョクってなに？,"敌62]What do you mean by ""vision""?",敌62]Thị lực lại là cái gì chứ?,
自2]看来你对外面的情况完全不知道啊。,自2]外のことは完全に知らなさそうね。,"自2]You really don't have a clue about the outside world, do you?",自2]Xem ra ngươi hoàn toàn không biết về tình hình bên ngoài à.,
敌60]我只想有人能陪我玩弹幕游戏啊。,敌60]弾幕ゲームに付きあうヒトが欲しかっただけ。,敌60]I just wish there was someone who could play danmaku games with me.,敌60]Ta chỉ muốn có người có thể cùng ta chơi trò chơi đạn mạc thôi.,
自0]现在沉迷游戏的人很多啊。,自0]ゲーム中毒者多いね、最近。,自0]There are a lot of addicts out there...,自0]Bây giờ người mà ghiền chơi game thì nhiều lắm.,
敌60]没有游戏，生活就没有乐趣了啊。,敌60]ノーゲーム、ノーライフよ。,"敌60]Without games, life is no fun at all.","敌60]Không có trò chơi, cuộc sống không còn niềm vui nữa.",
自3]真的是这样的吗？,自3]本当にそうなのか？,自3]Is that really true?,自3]Thiệt là như vậy sao?,
MUSIC,MUSIC,MUSIC,MUSIC,
敌60]于是来陪我玩吧！,敌60]そんで遊んで！,"敌60]So, come play with me!",敌60]Vì vậy hãy cùng ta chơi đi!,
自2]看来只能陪你玩咯。,自2]付き合うしかなさそうね。,自2]I guess I have no choice.,自2]Xem ra chỉ có thể cùng ngươi chơi nhể.,
PAUSE,PAUSE,PAUSE,PAUSE,
敌60]差一点就要赢了……,敌60]もう少しで勝ったのに…,敌60]So close to win...,敌60]Thiếu chút nữa thì ắt thắng rồi…,
敌60]这下又要开始无聊了呢。,敌60]またくだらない時間がはじまるよ。,敌60]I'm gonna get bored soon.,敌60]Phen này lại phải bắt đầu buồn tẻ nữa thôi.,
自0]多出去看看外面的世界吧。,自0]もっと外の世界に行こうよ。,自0]You should go out and see the world.,自0]Ngươi nên đi ngắm nhìn thế giới bên ngoài nhiều hơn đi.,
自0]这个世界可不只有游戏喔。,自0]この世界はゲームだけではないよ。,自0]There's a lot more to life than games.,自0]Cái thế giới này đâu chỉ có trò chơi không thôi đâu.,
,,,,
d714.txt,,,,
敌62]咦，是帕秋莉吗？,敌62]あれ、パチュリー？,"敌62]Is that you, Patchouli?","敌62]Ơ, là Patchouli sao?",
自0]看起来似乎没什么变化嘛。,自0]変化がなさそうね。,自0]You seem normal...,自0]Xem ra hình như không biến đổi gì.,
敌62]总觉得在说听不懂的话……,敌62]なんかわからない話…,敌62]I don't understand what you mean...,敌62]Ngươi đang nói chuyện ta nghe không hiểu thế nào ấy.,
自0]因为发生了那样的异变总觉得你会很危险呢。,自0]あんな異変が起こったから、何となく貴女が危険だと思える。,"自0]Well, there was a chance the incident could've affected you.","自0]Bởi vì đã xảy ra một dị biến như vậy, sao tôi cứ cảm thấy cô sẽ rất nguy hiểm thế nào ấy.",
敌61]异变是什么啊？,敌61]イヘンってなに？,"敌61]What is a ""Incident""?",敌61]Dị biến là cái gì á?,
自1]总之不是好玩的东西啦。,自1]しょせん、面白いモノではない。,"自1]In a word, it's something no fun.",自1]Ngắn gọn thì không phải là chuyện đùa vui đâu.,
敌60]那有什么好玩的吗？,敌60]じゃおもしろいモノある？,敌60]Is there anything fun around here for me to play with?,敌60]Vậy có cái gì để chơi vui không?,
自0]对我来说魔法是最有趣的呢。,自0]私にとって魔法が一番面白いよ。,"自0]Magic is the most fun thing there is, in my opinion.","自0]Với tôi mà nói, ma pháp là cái lý thú nhất đó.",
敌61]是怎样的呢，很想亲眼看看啊,敌61]どんなの？見たい！,敌61]What's it like? Can I see it?,"敌61]Là như thế nào vậy, muốn tận mắt xem lắm cơ.",
自0]我可以让你看的喔，不过有一个条件。,自0]構わないが、条件付きよ。,"自0]OK, but on one condition.","自0]Tôi có thể cho cô xem được đấy, nhưng có một điều kiện.",
敌62]什么条件？,敌62]なんのジョウケン？,敌62]What's that?,敌62]Điều kiện gì?,
自2]看完了要清理现场啊，没发现走廊被你弄得这么乱吗？,自2]終わったら現場を掃除する。廊下が散らかってるのを気付かなかった？,自2]You have to clean up afterwards. The hallway is really messy now.,"自2]Xem xong rồi phải dọn dẹp hiện trường nhé, không nhận thấy hành lang bị cô nghịch cho loạn như vậy à?",
敌60]原来是打扫卫生吗，叫咲夜就好了。,敌60]おそうじか、咲夜に任せばいいの。,敌60]Clean up? Call Sakuya.,"敌60]Té ra là quét dọn vệ sinh sao, gọi Sakuya là xong rồi.",
自2]那样可不行，这是给你的惩罚。,自2]ダメ。これは貴女へのお仕置きよ。,"自2]No, it's your punishment.","自2]Sao mà vậy được, đây là sự trừng phạt cho cô.",
MUSIC,MUSIC,MUSIC,MUSIC,
敌61]总觉得光看不好玩，我也来做点什么吧。,敌61]見るだけじゃつまんない。あたしもなんかやる！,"敌61]I feel bored just standing here watching it! I wanna do something, too.",敌61]Ngó không thì chán ngắt thế nào ấy! Ta cũng làm chút gì đó đây.,
自1]喂，别弄出太大动静啊。,自1]こら、大騒ぎにするな。,自1]Just keep quiet.,"自1]Này, chớ quậy gây động tính lớn quá đó.",
PAUSE,PAUSE,PAUSE,PAUSE,
敌60]魔法原来就是这样的啊。,敌60]マホウってそうなんだ。,"敌60]So, this is magic.",敌60]Hóa ra ma pháp chính là như vậy à.,
自1]咳咳……看来得回去补充点营养了呢……,自1]ゴホゴホ…栄養を補充しよう…,自1]Cough... It looks like it's time to go back and get some nutrition...,自1]Khụ khụ… Xem ra cần phải trở về bổ sung chút dinh dưỡng rồi đây…,
